Vv_m2,2000,1000,VIT_16s0050g00070
rank,node,Fabs,Frel,Functional-annotation,Name-EC-KeggID,Updated-name,Network1,Network2
1,VIT_09s0002g00600,2074,1.0000,RPP27 (resistance to peronospora parasitica 27),,,,
2,VIT_03s0038g00310,2079,1.0000,Short internodes,SHI_1,,vv60059SRS,
3,VIT_03s0167g00070,2079,0.9990,MADS-box protein SVP (short vegetative phase),SVP_4,,vv30009Flower_development,vv60042MADS
4,VIT_15s0046g02060,2069,0.9981,ATRAD3 (Arabidopsis thaliana Ras Associated with Diabetes protein 3,,,,
5,VIT_09s0002g01340,2070,0.9976,Auxin-binding protein ABP19,ABP19,,vv30003Auxin_signaling,
6,VIT_01s0127g00200,2066,0.9966,UbiE/COQ5 methyltransferase,K06127,,vv10130Ubiquinone_biosynthesis,
7,VIT_01s0026g02770,2067,0.9961,Myb domain protein 106,MYB106_1,MYB140,vv60044MYB,
8,VIT_07s0005g00780,2065,0.9961,No hit,,,,
9,VIT_04s0008g04870,2074,0.9952,flavin monooxygenase-like protein,E1_14_13_8,,vv11000Single_reactions,
10,VIT_16s0022g01970,2050,0.9947,Anthocyanidin 3-O-glucosyltransferase,E2_4_1_115,,vv10942Anthocyanin_biosynthesis,
11,VIT_08s0032g00850,2044,0.9903,No hit,,,,
12,VIT_01s0011g02920,2064,0.9890,TCP family transcription factor DICHOTOMA,DICHOTOMA,,vv30009Flower_development,vv60061TCP
13,VIT_08s0056g01550,2040,0.9850,Unknown,,,,
14,VIT_06s0009g01710,2043,0.9841,NADH-cytochrome b5 reductase,E1_6_2_2,,vv50135Primary_active_transporter_cat_D3_to_E2,
15,VIT_18s0001g11790,2029,0.9811,Inositol polyphosphate 5-phosphatase,E3_1_3_56,,vv10562Inositol_phosphate_metabolism,vv34070Phosphatidylinositol_signaling_system
16,VIT_17s0000g02200,2022,0.9797,ABC transporter G member 11,ABCG11,,vv52010ABC_transporters,
17,VIT_19s0014g04810<br>VIT_19s0014g04800,2010,0.9757,
18,VIT_10s0003g01220,2003,0.9714,Copper-binding family protein,,,,
19,VIT_15s0024g02000,2006,0.9696,MADS-box protein AGL24,AGL24_3,,vv30009Flower_development,vv60042MADS
20,VIT_03s0017g00440,1991,0.9628,MADS-box agamous-like 24,AGL24_2,,vv30009Flower_development,vv60042MADS
21,VIT_09s0054g01410,1974,0.9527,Beta-amyrin synthase,E5_4_99_BAS,,vv10900Terpenoid_biosynthesis,
22,VIT_18s0001g03840,1956,0.9458,TEL2 (Terminal EAR1-like 2),TEL2,,vv44110Cell_cycle,
23,VIT_11s0016g01250,1965,0.9456,Growth-regulating factor 6,GRF6,,vv60033GRF,
24,VIT_05s0020g04400,1968,0.9452,No hit,,,,
25,VIT_06s0004g01600,1934,0.9397,No hit,,,,
26,VIT_04s0008g03540,1915,0.9301,Transducin protein,,,,
27,VIT_10s0116g00470,1928,0.9301,Ubiquitin family,,,,
28,VIT_00s0665g00050,1929,0.9287,Root phototropism protein 3 (Non-phototropic hypocotyl protein 3),,,,
29,VIT_08s0007g05420,1923,0.9263,Tubulin folding cofactor B,TFCB,,vv44810Regulation_of_actin_cytoskeleton,
30,VIT_08s0007g00100,1911,0.9241,Unknown,,,,
31,VIT_06s0004g04890,1906,0.9226,Rhomboid ATRBL1,,,,
32,VIT_06s0080g00290,1909,0.9222,TFL1 (Terminal flower 1),TFL1,,vv30009Flower_development,
33,VIT_08s0007g05940,1906,0.9221,Unknown,,,,
34,VIT_05s0020g01450,1908,0.9208,Heavy-metal-associated domain-containing protein,,,,
35,VIT_04s0008g03000,1887,0.9138,Cycloartenol synthase,E5_4_99_8,,vv10100Biosynthesis_of_steroids,
36,VIT_05s0020g03320,1871,0.9105,Copper amine oxidase,E1_4_3_4,,vv10220Urea_cycle_and_metabolism_of_amino_groups,vv10340Histidine_metabolism
37,VIT_16s0022g02430,1875,0.9062,Carboxyesterase 20 CXE20,E3_1_1_1,,,
38,VIT_10s0003g00350,1874,0.9062,NAC domain-containing protein 73,NAC073_1,VvNAC37,vv60046NAC,
39,VIT_15s0024g01860,1871,0.9013,MADS-box protein AGL24,AGL24_1,,vv30009Flower_development,vv60042MADS
40,VIT_13s0047g00360,1858,0.8993,6-hydroxyisobutyryl-coenzyme A hydrolase,E3_1_2_4,,vv10280Valine_leucine_and_isoleucine_degradation,vv10410Beta-alanine_metabolism
41,VIT_04s0023g01520,1856,0.8984,Unknown protein,,,,
42,VIT_07s0255g00070,1852,0.8956,VRN1 (reduced vernalization response 1),VRN1_4,,vv30009Flower_development,vv60001ABI3VP1
43,VIT_12s0059g00680,1844,0.8934,No hit,,,,
44,VIT_18s0001g08260,1838,0.8905,Xylulose kinase,E2_7_1_17,,vv10040Pentose_glucuronate_interconversion,
45,VIT_01s0011g04570,1831,0.8867,No hit,,,,
46,VIT_18s0001g03270,1829,0.8849,Zinc finger (C3HC4-type ring finger),ZFC3HC4_104,,vv60078Other_zf-C3HC4,
47,VIT_01s0026g01630,1825,0.8799,Unknown protein,,,,
48,VIT_04s0023g02760,1816,0.8786,Protein kinase,,,,
49,VIT_06s0004g04990,1822,0.8781,Scarecrow transcription factor 14 (SCL14),SCL14_8,,vv60032GRAS,
50,VIT_01s0011g02610,1815,0.8768,No hit,,,,
51,VIT_06s0061g00680,1807,0.8738,Unknown protein,,,,
52,VIT_02s0012g01210,1799,0.8708,Acetylornithine deacetylase,E3_5_1_16,,vv10220Urea_cycle_and_metabolism_of_amino_groups,
53,VIT_04s0008g00890,1796,0.8689,Abscisic acid receptor PYL2  RCAR14,RCAR14,,vv30001ABA_signaling,
54,VIT_05s0049g00100,1782,0.8634,DNA-binding protein,,,,
55,VIT_17s0000g04940,1789,0.8622,Brassinosteroid sulfotransferase ST4A,ST4A,,,
56,VIT_15s0046g03610,1773,0.8561,No hit,,,,
57,VIT_14s0108g01220,1763,0.8505,Ethylene-responsive transcription factor related to APETALA2 11,RAP2_11_1,VvERF049,vv30008Ethylene_signaling,vv60003AP2_EREBP
58,VIT_07s0141g00450,1747,0.8452,No hit,,,,
59,VIT_01s0010g02320,1741,0.8431,Vinorine synthase,E2_3_1_160,,vv10902Monoterpenoid_biosynthesis,
60,VIT_06s0004g01740,1741,0.8407,Basic helix-loop-helix (bHLH) family,BHLHDOM_27,,vv60011BHLH,
61,VIT_15s0048g02520,1740,0.8406,Zinc transporter (ZAT),ZAT,,vv50121Porters_cat_1_to_6,
62,VIT_05s0094g01500,1747,0.8395,ADP-glucose pyrophosphorylase  small subunit precursor,E2_7_7_27,,vv10500Starch_and_sucrose_metabolism,
63,VIT_09s0002g01290,1719,0.8369,Retrotransposon,,,,
64,VIT_15s0048g00480,1714,0.8308,Pectinesterase inhibitor,PMEI,,vv40006Cell_wall,
65,VIT_11s0016g03800,1717,0.8303,No hit,,,,
66,VIT_09s0002g07100,1722,0.8291,EMB2744 (embryo defective 2744),,,,
67,VIT_15s0045g01480,1715,0.8289,No hit,,,,
68,VIT_15s0107g00120,1704,0.8240,MADS-box protein SVP (short vegetative phase),SVP_3,,vv30009Flower_development,vv60042MADS
69,VIT_18s0075g00090,1715,0.8233,Unknown,,,,
70,VIT_07s0005g05040,1695,0.8216,ARR24 Type A,ARR24_3,,vv30007Cytokinin_signaling,vv60072Orphans_Response_reg
71,VIT_04s0023g02560,1691,0.8201,Unknown protein,,,,
72,VIT_13s0064g01710,1690,0.8172,Amygdalin hydrolase isoform AH I precursor,E3_2_1_117,,vv10460Cyanoamino_acid_metabolism,
73,VIT_17s0000g00910,1681,0.8156,ATPase domain-containing protein,,,,
74,VIT_07s0031g01570,1694,0.8121,CYP78A11,,,,
75,VIT_05s0029g01180,1675,0.8092,Unknown,,,,
76,VIT_08s0007g07700,1676,0.8089,Unknown protein,,,,
77,VIT_16s0013g00800,1666,0.8076,No hit,,,,
78,VIT_19s0014g03940,1657,0.8009,Sporocyteless,SPOROCYTELESS,,vv60089Other_Nozzle,
79,VIT_09s0002g09190,1646,0.7998,No hit,,,,
80,VIT_09s0002g01570,1652,0.7992,Unknown protein,,,,
81,VIT_00s0787g00020,1635,0.7952,Heat shock 70kDa protein 1/8,K03283,,vv23040Spliceosome,vv24141Protein_processing_in_endoplasmic_reticulum
82,VIT_06s0004g00490,1629,0.7900,Ethylene-responsive transcription factor related to APETALA2 11,RAP2_11_4,VvERF050,vv30008Ethylene_signaling,vv60003AP2_EREBP
83,VIT_05s0077g01020,1617,0.7846,GCN5 N-acetyltransferase (GNAT),GCN5_24,,vv60082GNAT,
84,VIT_18s0001g05850,1623,0.7837,Ethylene-responsive transcription factor ERF021,ERF021_1,VvERF014,vv30008Ethylene_signaling,vv60003AP2_EREBP
85,VIT_12s0028g00070,1611,0.7790,DNA-binding family,,,,
86,VIT_14s0081g00340,1603,0.7770,Ankyrin repeat,K10380,,,
87,VIT_07s0255g00140,1595,0.7676,Unknown protein,,,,
88,VIT_18s0122g00800,1579,0.7658,No apical meristem cup-shaped cotyledon3,CUC3_1,VvNAC14,vv60046NAC,
89,VIT_11s0078g00060,1581,0.7638,No hit,,,,
90,VIT_04s0008g04460,1593,0.7637,Molybdate transporter 1,MOT1,,vv50124Porters_cat_30_to_64,
91,VIT_05s0020g01360,1572,0.7624,Myb family,MYBREL_17,,vv60045MYBrelated,
92,VIT_13s0067g03540,1575,0.7616,S haplotype-specific F-box protein a,,,,
93,VIT_00s0525g00030,1579,0.7610,Pentatricopeptide (PPR) repeat-containing,,,,
94,VIT_15s0024g00020,1577,0.7600,Endo-1 4-beta-glucanase,E3_2_1_4,,vv40006Cell_wall,
95,VIT_01s0127g00180,1581,0.7597,Ubiquinone biosynthesis methyltransferase COQ5,K06127,,vv10130Ubiquinone_biosynthesis,
96,VIT_07s0104g01350,1570,0.7585,Integral membrane family protein UPF0497,,,,
97,VIT_05s0020g01290,1572,0.7569,TOC159 (translocon outer membrane complex 159),TOC159,,vv50133Primary_active_transporter_cat_A9_to_A18,
98,VIT_14s0108g00050,1551,0.7555,Ethylene-responsive transcription factor WRINKLED 1,WRINKLED1_2,VvAP2-02,vv30008Ethylene_signaling,vv60003AP2_EREBP
99,VIT_17s0000g07620,1561,0.7527,Pentatricopeptide (PPR) repeat-containing protein,,,,
100,VIT_06s0061g00950,1550,0.7524,Prolylcarboxypeptidase,E3_4_16_2,,,
101,VIT_02s0025g02570,1544,0.7502,CYP78A8,K00517,,vv10902Monoterpenoid_biosynthesis,vv10940Phenylpropanoid_biosynthesis
102,VIT_10s0003g02070,1544,0.7499,Agamous (AG) floral homeotic protein,AGAMOUS_1,,vv30009Flower_development,vv60042MADS
103,VIT_10s0003g03110,1545,0.7478,Cytochrome B561,K08360,,vv50105Transport_electron_carriers,
104,VIT_12s0059g02520,1534,0.7450,fringe,K05948,,,
105,VIT_08s0007g01500,1549,0.7444,DNA binding / nuclease,,,,
106,VIT_03s0038g03630,1543,0.7443,F-box domain containing protein,,,,
107,VIT_18s0001g00170,1544,0.7434,Unknown protein,,,,
108,VIT_04s0008g00290,1529,0.7397,Clavata1 receptor kinase (CLV1),,,,
109,VIT_13s0067g02820,1511,0.7346,No hit,,,,
110,VIT_18s0072g00420,1508,0.7278,No hit,,,,
111,VIT_05s0062g00960,1507,0.7270,Exostosin (Xyloglucan galactosyltransferase KATAMARI 1),K02366,,vv11030Glycan_structures-biosynthesis1,
112,VIT_01s0011g04270,1500,0.7250,Receptor kinase homolog LRK10,,,,
113,VIT_16s0050g02500,1489,0.7200,Transcription factor MUTE,MUTE_1,,vv60011BHLH,
114,VIT_00s0276g00020,1470,0.7188,No hit,,,,
115,VIT_17s0000g05000,1480,0.7184,SEPALLATA1,SEPALLATA1_1,,vv30009Flower_development,vv60042MADS
116,VIT_19s0014g02200,1489,0.7176,No apical meristem cup-shaped cotyledon2,CUC2_2,VvNAC16,vv60046NAC,
117,VIT_10s0116g00720,1487,0.7149,Pre-mRNA cleavage complex,,,,
118,VIT_17s0000g03480,1474,0.7076,No hit,,,,
119,VIT_18s0075g00520,1458,0.7071,Retrotransposon protein  Unclassified,,,,
120,VIT_07s0005g03530,1462,0.7063,Ribulose bisphosphate carboxylase  large chain,E4_1_1_39,,vv10710Carbon_fixation,
121,VIT_02s0025g01240,1452,0.7021,UDP-glucuronosyl/UDP-glucosyltransferase,E2_4_1_17,,vv10040Pentose_glucuronate_interconversion,vv10500Starch_and_sucrose_metabolism
122,VIT_03s0063g00260,1440,0.6977,Hydrogenobyrinic acid a c-diamide synthase,E6_3_5_9,,vv50101Channels_and_pores,
123,VIT_01s0137g00700,1445,0.6961,Lipase GDSL,,,,
124,VIT_01s0011g02900,1436,0.6941,No hit,,,,
125,VIT_03s0063g00270,1438,0.6920,Unknown protein,,,,
126,VIT_11s0016g04260,1429,0.6913,Hydrolase  alpha/beta fold,,,,
127,VIT_12s0134g00590,1419,0.6908,Anthocyanidin 3-O-glucoside-6''-O-malonyltransferase,E2_3_1_171,,vv10942Anthocyanin_biosynthesis,
128,VIT_10s0003g02030,1414,0.6867,Nitrate transporter 1:2,NRT1_2,,vv50122Porters_cat_7_to_17,
129,VIT_13s0067g02150,1421,0.6865,Steroid sulfotransferase,E2_8_2_15,,vv11000Single_reactions,
130,VIT_03s0063g00250,1420,0.6863,Hydrogenobyrinic acid a c-diamide synthase,E6_3_5_9,,vv50101Channels_and_pores,
131,VIT_00s0480g00020,1414,0.6844,Hydroxyproline-rich glycoprotein family protein,,,,
132,VIT_09s0054g01280,1417,0.6829,Beta-amyrin synthase,E5_4_99_BAS,,vv10900Terpenoid_biosynthesis,
133,VIT_18s0001g07460,1414,0.6805,MADS-box protein SVP (short vegetative phase),SVP_2,,vv30009Flower_development,vv60042MADS
134,VIT_02s0025g01210,1402,0.6783,No hit,,,,
135,VIT_07s0255g00110,1393,0.6765,WD40,,,,
136,VIT_16s0022g02420,1393,0.6756,Subtilisin protease C1,,,,
137,VIT_04s0008g02990,1383,0.6730,Cycloartenol synthase,E5_4_99_8,,vv10100Biosynthesis_of_steroids,
138,VIT_13s0156g00050,1380,0.6696,Male sterility 2 (MS2) protein,,,,
139,VIT_05s0062g01380,1374,0.6644,Unknown,,,,
140,VIT_17s0000g05950,1335,0.6477,PRE1 (Paclobutrazol resistance1),PRE1,,vv60011BHLH,
141,VIT_02s0087g00560,1350,0.6466,Unknown protein,,,,
142,VIT_02s0012g00640,1329,0.6439,PBP1 (pinoid-binding protein 1),PBP1,,vv50004Auxin_transport,
143,VIT_16s0039g00230,1328,0.6437,RKL1 (Receptor-like kinase 1),,,,
144,VIT_05s0020g01300,1319,0.6375,No hit,,,,
145,VIT_14s0083g01050,1304,0.6339,SEPALLATA1,SEPALLATA1_2,,vv30009Flower_development,vv60042MADS
146,VIT_13s0074g00530,1303,0.6325,No hit,,,,
147,VIT_07s0095g00550,1303,0.6295,D-mannose binding lectin,,,,
148,VIT_09s0054g01500,1294,0.6227,Beta-amyrin synthase,E5_4_99_BAS,,vv10900Terpenoid_biosynthesis,
149,VIT_18s0001g09600,1293,0.6222,HOS15 (High expression of osmotically responsive genes 15),,,,
150,VIT_10s0116g01240,1284,0.6212,SLAH1 (SLAC1 homologue 1),SLAH1,,vv50122Porters_cat_7_to_17,
151,VIT_09s0002g07010,1274,0.6178,SNF4,,,,
152,VIT_07s0005g02490,1270,0.6162,CYP709B2,,,,
153,VIT_13s0106g00580,1257,0.6099,Potassium channel AKT1,AKT1,,vv50101Channels_and_pores,
154,VIT_10s0003g05090,1240,0.6008,Wall-associated kinase 1 (WAK1),,,,
155,VIT_08s0056g00630,1245,0.6000,Acid phosphatase,E3_1_3_2,,vv10740Riboflavin_metabolism,
156,VIT_10s0071g00560,1230,0.5980,GRAM domain-containing protein / ABA-responsive,,,,
157,VIT_05s0062g00010,1235,0.5955,PUMILIO 5 (APUM5),PUM5,,,
158,VIT_13s0019g02060,1232,0.5940,Lateral organ boundaries domain protein 33 (LBD33),LBD33,,vv60007AS2,
159,VIT_08s0058g00380,1229,0.5929,No hit,,,,
160,VIT_01s0137g00160,1225,0.5912,B-keto acyl reductase,,,,
161,VIT_08s0007g04890,1216,0.5874,ACT domain-containing protein,,,,
162,VIT_08s0007g02690,1217,0.5854,Secoisolariciresinol dehydrogenase,SIRD,,vv10940Phenylpropanoid_biosynthesis,
163,VIT_13s0084g00070,1207,0.5817,CYP72A53v1,,,,
164,VIT_12s0035g01090,1193,0.5783,Regulator of nonsense transcripts 3 UPF3,K14328,,vv23013RNA_transport,vv23015mRNA_surveillance_pathway
165,VIT_02s0012g02800,1185,0.5741,No hit,,,,
166,VIT_12s0059g02510,1177,0.5730,Zinc finger (B-box type),ZFBBOX_6,,vv60073Orphans_zf-b_box,
167,VIT_15s0021g01720,1179,0.5721,Calcium-binding protein,,,,
168,VIT_14s0006g02810,1176,0.5714,Unknown protein,,,,
169,VIT_06s0004g04130,1181,0.5678,Protein tyrosine phosphatase protein (PAS2),K01104,,,
170,VIT_05s0020g01700,1174,0.5666,No hit,,,,
171,VIT_01s0127g00170,1169,0.5658,UbiE/COQ5 methyltransferase,K06127,,vv10130Ubiquinone_biosynthesis,
172,VIT_04s0023g01630,1163,0.5640,Steroid 22-alpha-hydroxylase (CYP90B1) (DWF4),K09587,,vv10905Brassinosteroid_biosynthesis,
173,VIT_03s0088g00170,1162,0.5630,Brassinosteroid insensitive 1-associated receptor kinase 1,BAK1,,vv30005Brassinosteroids_signaling,
174,VIT_18s0072g01150,1162,0.5595,Erythroid differentiation factor 1,,,,
175,VIT_19s0014g03390,1161,0.5574,Unknown protein,,,,
176,VIT_19s0085g00050,1151,0.5552,Myb domain protein 58,MYB58_1,MYB139,vv60044MYB,
177,VIT_10s0042g00640,1137,0.5506,Cinnamoyl-CoA reductase,E1_2_1_44,,vv10940Phenylpropanoid_biosynthesis,
178,VIT_09s0002g00750,1129,0.5449,P-glycoprotein 19,PGP19,,vv52010ABC_transporters,
179,VIT_04s0023g02820,1119,0.5435,MADS box transcription factor TM6 (TM6) APETALA3,TM6APETALA3_2,,vv30008Ethylene_signaling,vv30009Flower_development
180,VIT_16s0022g02440,1126,0.5427,Carboxyesterase 20 CXE20,E3_1_1_1,,,
181,VIT_16s0100g00010,1129,0.5425,Carboxyesterase 20 CXE20,E3_1_1_1,,,
182,VIT_05s0020g00210,1106,0.5377,No hit,,,,
183,VIT_05s0029g00190,1103,0.5349,Glucan endo-1 3-beta-glucosidase 4 precursor,E3_2_1_39,,vv10500Starch_and_sucrose_metabolism,
184,VIT_05s0029g00850,1102,0.5331,TIR-NBS-TIR type disease resistance protein,,,,
185,VIT_14s0083g00130,1104,0.5320,RAV1-like ethylene-responsive transcription factor,RAV1_2,VvRAV2,vv30008Ethylene_signaling,vv60003AP2_EREBP
186,VIT_03s0038g00390,1105,0.5305,TEL1 (Terminal EAR1-like 1),TEL1,,vv44110Cell_cycle,
187,VIT_03s0017g00540,1086,0.5274,Subtilase,,,,
188,VIT_09s0054g01230,1089,0.5263,Beta-amyrin synthase,E5_4_99_BAS,,vv10900Terpenoid_biosynthesis,
189,VIT_00s0120g00270,1069,0.5172,Myosin-like protein XIA,MYOSINXIA,,vv44810Regulation_of_actin_cytoskeleton,
190,VIT_10s0003g00430,1063,0.5128,Unknown protein,,,,
191,VIT_05s0020g05030,1054,0.5077,Serine protease inhibitor,,,,
192,VIT_17s0000g01340,1038,0.4993,Unknown,,,,
193,VIT_14s0068g00870,1032,0.4986,Nudix hydrolase 13,,,,
194,VIT_08s0007g05480,1027,0.4976,Kinesin motor protein,KMOTOR,,vv44810Regulation_of_actin_cytoskeleton,
195,VIT_15s0024g01270,1014,0.4927,Clavata1 receptor kinase (CLV1),,,,
196,VIT_03s0063g00240,1022,0.4923,Hydrogenobyrinic acid a c-diamide synthase,E6_3_5_9,,vv50101Channels_and_pores,
197,VIT_04s0069g01120,1012,0.4905,Acyl-activating enzyme 7,E6_2_1_3,,vv10071Fatty_acid_metabolism,vv50104Group_translocators
198,VIT_04s0023g02350,1015,0.4887,CYP722A1,,,,
199,VIT_00s0291g00030,1008,0.4886,Enhancer of shoot regeneration 1 ESR1,ESR1_1,VvERF067,vv30008Ethylene_signaling,vv60003AP2_EREBP
200,VIT_14s0006g01450,1009,0.4844,Quinolizidine alkaloid O-tigloyltransferase,,,,
201,VIT_16s0050g00780,990,0.4825,Arsenite transport protein (ArsB),ARSB,,vv50124Porters_cat_30_to_64,
202,VIT_08s0056g00170,997,0.4812,No hit,,,,
203,VIT_05s0094g00650,981,0.4764,Stearoyl-acyl-carrier protein desaturase,E1_14_19_2,,vv11040Biosynthesis_of_unsaturated_fatty_acids,
204,VIT_12s0055g01060,981,0.4732,Peroxidase N1,E1_11_1_7,,vv10360Phenylalanine_metabolism,vv10680Methane_metabolism
205,VIT_08s0058g00110,979,0.4723,Basic helix-loop-helix aprataxin,APRATAXIN_2,,vv60011BHLH,
206,VIT_13s0019g02080,969,0.4708,DNA-binding protein,,,,
207,VIT_12s0134g00630,974,0.4705,Quercetin 3-O-glucoside-6''-O-malonyltransferase,E2_3_1_116,,vv10941Flavonoid_biosynthesis,
208,VIT_12s0035g00930,973,0.4700,Bromodomain containing,,,,
209,VIT_00s0349g00060,955,0.4640,La domain-containing protein,,,,
210,VIT_19s0085g00530,958,0.4624,No hit,,,,
211,VIT_14s0006g02100,940,0.4574,No hit,,,,
212,VIT_01s0146g00130,940,0.4563,GYF domain-containing protein,,,,
213,VIT_07s0151g00770,940,0.4548,Kelch repeat-containing F-box protein,,,,
214,VIT_12s0142g00360,936,0.4517,SHATTERPROOF 2,SHATTERPROOF2,,vv60042MADS,
215,VIT_05s0020g00090,934,0.4510,No hit,,,,
216,VIT_02s0025g04650,930,0.4501,MADS-box agamous-like 19,AGL19,,vv60042MADS,
217,VIT_01s0011g04660,919,0.4461,Unknown protein,,,,
218,VIT_11s0052g01110,922,0.4456,4-coumarate-CoA ligase 1,E6_2_1_12,,vv10940Phenylpropanoid_biosynthesis,vv50104Group_translocators
219,VIT_18s0041g00790,920,0.4429,UDP-glycosyltransferase 88B1,,,,
220,VIT_01s0010g00640,918,0.4428,No hit,,,,
221,VIT_00s0218g00220,909,0.4417,UDP-glucoronosyl/UDP-glucosyl transferase,,,,
222,VIT_19s0015g00300,908,0.4397,KCO1 (two pore K channel),K05389_KCO1,,vv50101Channels_and_pores,
223,VIT_01s0011g00110,905,0.4385,SEPALLATA1,SEPALLATA1_3,,vv30009Flower_development,vv60042MADS
224,VIT_16s0148g00020,897,0.4342,Ser/Thr receptor-like kinase1,,,,
225,VIT_05s0020g04710,888,0.4294,Protein transport protein Sec23A,K14006,,vv24141Protein_processing_in_endoplasmic_reticulum,vv50110Protein_coat
226,VIT_19s0177g00160,885,0.4275,Phytochelatin synthetase,E2_3_2_15,,vv10251Glutamate_metabolism,
227,VIT_05s0094g00730,884,0.4268,Stearoyl-acyl-carrier protein desaturase,E1_14_19_2,,vv11040Biosynthesis_of_unsaturated_fatty_acids,
228,VIT_16s0022g02290,870,0.4203,Unknown,,,,
229,VIT_16s0098g01550,864,0.4198,No hit,,,,
230,VIT_14s0060g00650,867,0.4190,No hit,,,,
231,VIT_19s0090g00180,867,0.4184,5-alpha-taxadienol-10-beta-hydroxylase,E1_14_13_76,,vv10904Diterpenoid_biosynthesis,
232,VIT_00s0288g00020,867,0.4184,Nematode resistance-like protein,,,,
233,VIT_15s0045g01340,861,0.4169,Ribosomal protein L18 50S,K02881,,vv23010Ribosome,
234,VIT_12s0121g00030,863,0.4155,PHP domain-containing protein,,,,
235,VIT_09s0002g03580,853,0.4149,ABC transporter G member 21,ABCG21,,vv52010ABC_transporters,
236,VIT_04s0023g03350,850,0.4142,transformation/transcription domain-associated protein,K08874,,,
237,VIT_06s0004g03780,856,0.4131,Wuschel-related homeobox 3 pressed flower,WOX3,VvHB24,vv60034HB,
238,VIT_00s0319g00070,859,0.4130,No hit,,,,
239,VIT_15s0046g01580,852,0.4094,Acidic chitinase III,E3_2_1_14,,vv10530Aminosugars_metabolism,
240,VIT_13s0047g00370,843,0.4078,Enoyl-CoA hydratase,E4_2_1_17,vv10650Butanoate_metabolism,vv10062Fatty_acid_elongation_in_mitochondria,vv10071Fatty_acid_metabolism
241,VIT_12s0059g02040,843,0.4067,Unknown,,,,
242,VIT_17s0000g01330,841,0.4061,Unknown protein,,,,
243,VIT_10s0116g01580,825,0.3999,No hit,,,,
244,VIT_14s0128g00500,815,0.3972,No hit,,,,
245,VIT_11s0052g01410,820,0.3961,Leucine Rich Repeat receptor-like kinase,,,,
246,VIT_13s0019g00440,817,0.3951,Auxin-regulated protein,AUXREG,,vv30003Auxin_signaling,
247,VIT_00s0153g00030,818,0.3946,No hit,,,,
248,VIT_17s0000g04180,808,0.3926,TCP family transcription factor BRC2/TCP12 (branched2),TCP12,,vv60061TCP,
249,VIT_16s0022g01910,816,0.3923,Pentatricopeptide (PPR) repeat,,,,
250,VIT_10s0116g00850,808,0.3922,Serine/threonine Protein kinase BNK1,,,,
251,VIT_17s0000g03300,799,0.3847,Unknown protein,,,,
252,VIT_14s0108g01300,795,0.3835,Division regulator MinE  Plastid,MINE1,,vv44110Cell_cycle,
253,VIT_11s0052g01150,787,0.3822,Nicotianamine synthase,E2_5_1_43,,vv10271Methionine_metabolism,
254,VIT_13s0019g05150,783,0.3807,Unknown protein,,,,
255,VIT_16s0098g01160,774,0.3746,Subtilisin protease,SBT3_5,,vv50101Channels_and_pores,
256,VIT_16s0098g01190,774,0.3745,Ubiquitin A-52 residue ribosomal protein fusion product 1,K02927,,vv23010Ribosome,
257,VIT_15s0046g02260,764,0.3685,Myb family,MYBREL_14,,vv60045MYBrelated,
258,VIT_08s0007g07940,763,0.3684,No hit,,,,
259,VIT_14s0108g00730,759,0.3676,5'-aminoimidazole ribonucleotide synthetase,E6_3_3_1,,vv10230Purine_metabolism,
260,VIT_13s0019g04160,753,0.3662,Protein kinase,,,,
261,VIT_13s0064g01860,757,0.3648,No hit,,,,
262,VIT_06s0080g00840,752,0.3647,Integral membrane family protein,,,,
263,VIT_06s0061g01060,740,0.3554,Magnesium transporter CorA 10,GMN10,,vv50101Channels_and_pores,
264,VIT_02s0087g00830,730,0.3540,CBF1 interacting corepressor CIR,,,,
265,VIT_04s0044g01220,730,0.3537,NAC domain containing protein 103,NAC103,VvNAC48,vv60046NAC,
266,VIT_00s0211g00150,731,0.3535,MADS-box agamous-like 21,AGL21_7,,vv60042MADS,
267,VIT_05s0029g00700,726,0.3516,Methyltransferase,,,,
268,VIT_07s0031g02650,722,0.3507,Unknown protein,,,,
269,VIT_07s0151g00720,724,0.3487,Lipid transfer protein,LTP,,,
270,VIT_16s0098g01700,711,0.3438,Epoxide hydrolase,E3_3_2_10,,,
271,VIT_07s0104g01730,715,0.3438,HAK5 (High affinity K+ transporter 5),HAK5,,vv50125Porters_cat_66_to_94,
272,VIT_09s0002g01190,710,0.3437,Scarecrow transcription factor 29 (SCL29),SCL29,,vv60032GRAS,
273,VIT_13s0084g00830,709,0.3415,Unknown protein,,,,
274,VIT_04s0008g06150,708,0.3410,No hit,,,,
275,VIT_12s0059g01850,699,0.3382,Peroxisomal membrane protein,,,,
276,VIT_01s0011g04730,695,0.3374,Unknown protein,,,,
277,VIT_08s0056g00180,687,0.3316,Translation initiation factor IF-2B subunit delta,K03680,,,
278,VIT_04s0043g00690,683,0.3298,ARR22 Type A,ARR22,,vv30007Cytokinin_signaling,vv60072Orphans_Response_reg
279,VIT_13s0074g00590,683,0.3296,Unknown protein,,,,
280,VIT_00s0187g00370,674,0.3293,Blue (type 1) copper domain,,,,
281,VIT_07s0095g00190,677,0.3283,No hit,,,,
282,VIT_13s0019g00620,674,0.3250,Dimethylaniline monooxygenase  N-oxide-forming,E1_14_13_8,,vv11000Single_reactions,
283,VIT_12s0134g00260,670,0.3243,Receptor-like protein kinase ARK1,,,,
284,VIT_08s0007g08230,671,0.3235,Curculin (mannose-binding) lectin,,,,
285,VIT_10s0003g01590,667,0.3228,Unknown protein,,,,
286,VIT_16s0022g02380,655,0.3177,MADS-box agamous-like 42,AGL42_2,,vv60042MADS,
287,VIT_03s0167g00100,650,0.3148,MADS-box protein SVP (short vegetative phase),SVP_6,,vv30009Flower_development,vv60042MADS
288,VIT_08s0056g01040,647,0.3132,MATE efflux family protein,MATE,,vv50125Porters_cat_66_to_94,
289,VIT_17s0000g07570,642,0.3117,formin 8,FH8,,vv44810Regulation_of_actin_cytoskeleton,
290,VIT_03s0017g00360,644,0.3108,MADS-box protein SVP (short vegetative phase),SVP_5,,vv30009Flower_development,vv60042MADS
291,VIT_17s0000g04860,635,0.3084,Unknown,,,,
292,VIT_19s0014g02660,639,0.3081,SPA3 (SPA1-related 3),SPA3,,vv24120Ubiquitin_mediated_proteolysis,vv50133Primary_active_transporter_cat_A9_to_A18
293,VIT_18s0001g11030,638,0.3078,Binding,,,,
294,VIT_00s1448g00020,638,0.3075,Unknown,,,,
295,VIT_15s0045g00270,633,0.3068,Serine/threonine-protein phosphatase BSL3,BSL3,,vv30005Brassinosteroids_signaling,
296,VIT_09s0002g01500,628,0.3046,Zinc finger (C3HC4-type ring finger) family protein,ZFC3HC4_246,,vv60078Other_zf-C3HC4,
297,VIT_14s0108g00460,627,0.3032,Ribosomal protein S9 (RPS9C) 40S,K02997,,vv23010Ribosome,
298,VIT_19s0015g00580,627,0.3028,Leafy cotyledon1-like protein,L1L_2,,vv60021CCAAT,
299,VIT_18s0089g01200,623,0.3004,Berberine bridge enzyme,E1_21_3_3,,vv10950Alkaloid_biosynthesis_I,
300,VIT_01s0010g03900,614,0.2995,SEPALLATA3,SEPALLATA3_2,,vv30009Flower_development,vv60042MADS
301,VIT_19s0090g01050,615,0.2970,Endo-beta-1 4-glucanase,E3_2_1_4,,vv40006Cell_wall,
302,VIT_01s0026g00160,609,0.2959,No hit,,,,
303,VIT_01s0113g00550,613,0.2954,No hit,,,,
304,VIT_04s0008g06140,607,0.2925,No hit,,,,
305,VIT_01s0010g02800,605,0.2924,Ankyrin,K10380,,vv50108Accessory_factors_involved_in_transport,
306,VIT_05s0077g01820,602,0.2919,Protein phosphatase 2C,E3_1_3_16,,,
307,VIT_19s0015g01780,601,0.2912,Zinc finger (C2H2 type) family,C2H2FAM_2,,vv60017C2H2,
308,VIT_06s0004g06890,601,0.2903,Potassium transporter (KUP1),KUP1,,vv50125Porters_cat_66_to_94,
309,VIT_02s0087g00570,600,0.2901,Unknown protein,,,,
310,VIT_19s0015g02400,600,0.2900,No hit,,,,
311,VIT_13s0106g00400,601,0.2898,Vesicle associated protein VAP,,,,
312,VIT_19s0014g04750,592,0.2885,Glycosyl hydrolase family 1 protein,,,,
313,VIT_00s0207g00160,596,0.2875,Pathogenesis-related protein 1 precursor (PRP 1),PRP1,,vv30011Jasmonate_signaling,vv34626Plant-pathogen_interaction
314,VIT_16s0022g00070,593,0.2870,No hit,,,,
315,VIT_02s0087g00920,591,0.2869,No hit,,,,
316,VIT_04s0023g01910,589,0.2855,Myb family,MYBREL_12,,vv60045MYBrelated,
317,VIT_07s0104g01380,586,0.2843,GP5 ubiquitin-like,,,,
318,VIT_04s0023g02580,586,0.2842,No hit,,,,
319,VIT_13s0019g04320,582,0.2829,Homeodomain-leucine zipper protein Revoluta (REV),REVOLUTA_1,VvHB47,vv60034HB,
320,VIT_04s0044g00350,580,0.2816,Nodulin MtN21 family,MTN21,,vv50122Porters_cat_7_to_17,
321,VIT_18s0001g00320,580,0.2803,LYS/HIS transporter 7 LHT7,LHT7,,vv50123Porters_cat_18_to_29,
322,VIT_00s0204g00020,574,0.2777,Transcription factor,TRIHELIXDOM_15,,vv60062Trihelix,
323,VIT_18s0122g01290,569,0.2747,RWP-RK domain-containing protein,RWPRKDOM_4,,vv60052RWP-RK,
324,VIT_11s0016g00730,572,0.2746,LHCA6 (Photosystem I light harvesting complex gene 6),K08908,,vv10196Photosynthesis_antenna_proteins,vv50105Transport_electron_carriers
325,VIT_17s0000g07710,568,0.2744,No hit,,,,
326,VIT_08s0058g00080,568,0.2743,Verticillium wilt disease resistance protein,,,,
327,VIT_08s0040g00580,553,0.2683,No hit,,,,
328,VIT_00s1873g00010,557,0.2682,No hit,,,,
329,VIT_05s0077g01300,557,0.2682,Aldo-keto reductase,E1_1_1_21,,vv10040Pentose_glucuronate_interconversion,vv10051Fructose_and_mannose_metabolism
330,VIT_12s0028g01490,547,0.2637,Serine-threonine protein kinase,,,,
331,VIT_19s0015g01280,541,0.2619,Myb domain protein 103,MYB103_2,MYB80,vv60044MYB,
332,VIT_02s0154g00030,540,0.2607,No hit,,,,
333,VIT_10s0042g00950,539,0.2606,Succinyl-CoA ligase alpha 1 subunit,E6_2_1_4,,vv10020Citrate_cycle,
334,VIT_18s0041g01780,539,0.2601,Aspartic protease,E3_4_23_x,,,
335,VIT_16s0013g00860,535,0.2600,Embryonic flower 2 (EMF2),EMF2,,vv30009Flower_development,
336,VIT_11s0037g01370,535,0.2593,Ankyrin,K10380,,,
337,VIT_00s0616g00010,532,0.2579,Glycerol-3-phosphate permease,G3PP,,vv50121Porters_cat_1_to_6,
338,VIT_05s0029g00470,533,0.2566,Unknown protein,,,,
339,VIT_11s0016g03820,529,0.2543,Signal peptidase I,K03100,,vv23060Protein_export,vv50132Primary_active_transporter_cat_A5_to_A8
340,VIT_09s0002g01330,520,0.2519,Auxin-binding protein ABP19,ABP19,,vv30003Auxin_signaling,
341,VIT_19s0014g00370,518,0.2499,No hit,,,,
342,VIT_09s0002g04420,516,0.2494,R protein MLA10,K13475,,vv34627R_proteins_from_Plant-pathogen_interaction,
343,VIT_18s0001g15010,509,0.2474,F-box and leucine-rich repeat protein 1,K03875,,vv24120Ubiquitin_mediated_proteolysis,
344,VIT_05s0077g01070,508,0.2447,Universal stress protein (USP) family protein,,,,
345,VIT_14s0060g00620,502,0.2429,Ribosome-binding factor A; Glycoside hydrolase  family 28,K02834,,,
346,VIT_04s0069g00640,499,0.2419,No hit,,,,
347,VIT_05s0029g01440,482,0.2326,Protein kinase Xa21,,,,
348,VIT_03s0038g01770,479,0.2317,Disease resistance protein (CC-NBS-LRR class),,,,
349,VIT_18s0001g09950,473,0.2293,No hit,,,,
350,VIT_15s0048g02900,473,0.2283,CYP78A3p,,,,
351,VIT_11s0037g00950,469,0.2268,S-adenosylmethionine decarboxylase proenzyme,E4_1_1_50,,vv10220Urea_cycle_and_metabolism_of_amino_groups,vv10271Methionine_metabolism
352,VIT_14s0006g02730,466,0.2248,Zinc finger protein 6,ZFP6_1,,vv60017C2H2,
353,VIT_14s0081g00120,460,0.2235,fertility restorer,,,,
354,VIT_18s0041g01810,460,0.2228,Taxadiene 5-alpha-hydroxylase,E1_14_99_37,,vv10904Diterpenoid_biosynthesis,
355,VIT_03s0038g01460,461,0.2212,Chalcone synthase,E2_3_1_74,,vv10941Flavonoid_biosynthesis,
356,VIT_12s0035g01950,455,0.2204,4-diphosphocytidyl-2-C-methyl-D-erythritol synthase,E2_7_1_148,,vv10100Biosynthesis_of_steroids,
357,VIT_09s0054g00880,454,0.2202,Lipase GDSL,,,,
358,VIT_09s0054g00860,452,0.2196,Lipase GDSL,,,,
359,VIT_02s0025g02210,451,0.2177,MYB Domain protein 6,MYB6_1,,vv60044MYB,
360,VIT_17s0000g06250,450,0.2176,RWP-RK domain-containing protein,RWPRKDOM_7,,vv60052RWP-RK,
361,VIT_00s0125g00080,449,0.2172,No hit,,,,
362,VIT_16s0050g00060,448,0.2153,Vesicle trafficking protein,K08517,,vv24130SNARE_interactions_in_vesicular_transport,vv44145Phagosome
363,VIT_07s0005g04450,441,0.2150,7S globulin precursor  basic,,,,
364,VIT_01s0011g04720,443,0.2145,Multi copper oxidase type 1,,,,
365,VIT_19s0085g00450,441,0.2130,No hit,,,,
366,VIT_08s0007g03460,437,0.2105,YIP1,YIP1,,vv50110Protein_coat,
367,VIT_18s0001g12790,432,0.2073,Dihydroflavonol reductase [Vitis vinifera],E1_1_1_219,,vv10941Flavonoid_biosynthesis,
368,VIT_07s0005g00040,430,0.2071,Dephospho-CoA kinase,E2_7_1_48,,vv10240Pyrimidine_metabolism,
369,VIT_16s0039g00180,428,0.2068,No hit,,,,
370,VIT_19s0014g01510,430,0.2067,No hit,,,,
371,VIT_02s0025g00120,427,0.2062,CCT motif constans-like,CCT_5,,vv60070Orphans_CCT,
372,VIT_03s0038g03270,424,0.2054,Protein kinase,,,,
373,VIT_13s0084g00310,426,0.2054,ACI112,,,,
374,VIT_13s0047g00380,420,0.2030,3-hydroxyisobutyryl-coenzyme A hydrolase,E3_1_2_4,,vv10280Valine_leucine_and_isoleucine_degradation,vv10410Beta-alanine_metabolism
375,VIT_12s0034g02370,417,0.2025,Unknown protein,,,,
376,VIT_05s0020g00520,415,0.1988,Alpha-L-arabinofuranosidase,E3_2_1_55,,vv10520Nucleotide_sugars_metabolism,
377,VIT_16s0039g02690,408,0.1969,Ankyrin repeat,K10380,,vv50108Accessory_factors_involved_in_transport,
378,VIT_14s0171g00140,407,0.1964,Lys Motif-Type Receptor-Like Kinase LYK10,,,,
379,VIT_12s0057g00870,404,0.1952,CF9,K13446,,vv34626Plant-pathogen_interaction,
380,VIT_12s0034g01810,403,0.1949,2OG-Fe(II) oxygenase,,,,
381,VIT_08s0058g00520,402,0.1937,Dehydration-responsive element-binding protein 2E,DREB2E,VvERF038,vv30008Ethylene_signaling,vv60003AP2_EREBP
382,VIT_13s0067g03170,399,0.1932,Transcription elongation factor S-II,K03145,,vv23022Basal_transcription_factors,
383,VIT_12s0059g02690,396,0.1925,DNA-binding storekeeper protein,STOREKEEPER_8,,vv60030GeBP,
384,VIT_03s0038g03670,395,0.1923,MAP kinase activating protein,,,,
385,VIT_04s0044g01960,398,0.1916,Unknown,,,,
386,VIT_00s0425g00010,390,0.1883,Ras-related protein Rab7,K07897,,,
387,VIT_08s0105g00370,386,0.1866,Myb family,MYBGE_20,,vv60029G2-like,
388,VIT_16s0098g00870,386,0.1860,Transparent testa glabra 1,TTG1,,vv44110Cell_cycle,
389,VIT_10s0116g00480,384,0.1855,WNK kinase 6,,,,
390,VIT_08s0056g01560,382,0.1853,DsRNA-binding protein ODB1 [Oryza sativa Japonica Group],,,,
391,VIT_00s0965g00010,380,0.1852,Magnesium-chelatase subunit chlD  chloroplast precursor,E6_6_1_1,,vv10860Porphyrin_and_chlorophyll_metabolism,
392,VIT_15s0048g02340,382,0.1837,No hit,,VvNAC50,,
393,VIT_00s0591g00010,377,0.1810,DNA excision repair protein ERCC-4,K10848,,vv23420Nucleotide_excision_repair,
394,VIT_04s0044g00610,371,0.1801,Unknown protein,,,,
395,VIT_16s0098g00160,370,0.1794,Receptor serine/threonine kinase,,,,
396,VIT_13s0147g00170,366,0.1760,No hit,,,,
397,VIT_05s0020g00510,363,0.1754,Glycosyl hydrolase family 3 protein,,,,
398,VIT_03s0017g00620,360,0.1737,GA 20-oxidase,E1_14_11_12,,vv10904Diterpenoid_biosynthesis,
399,VIT_00s0361g00060<br>VIT_00s0392g00030,356,0.1727,
400,VIT_12s0034g01230,354,0.1703,Thaumatin ATLP-1,,,,
401,VIT_18s0089g00200,348,0.1688,1 4-beta-mannan endohydrolase,E3_2_1_78,,vv10051Fructose_and_mannose_metabolism,
402,VIT_00s0483g00020,346,0.1675,SGT1,SGT1,,vv30003Auxin_signaling,
403,VIT_19s0135g00250,347,0.1675,Ankyrin repeat protein,K10380,,vv50108Accessory_factors_involved_in_transport,
404,VIT_07s0104g01220,343,0.1670,Unknown protein,,,,
405,VIT_16s0013g02150,343,0.1667,No hit,,,,
406,VIT_01s0011g00190,339,0.1637,Brassinosteroid-6-oxidase [Vitis vinifera],K09590,,vv10905Brassinosteroid_biosynthesis,
407,VIT_12s0134g00200,332,0.1609,Methyltransferase,,,,
408,VIT_01s0011g03680,329,0.1579,ER6 protein universal stress protein (USP) family,USPER6,,vv30008Ethylene_signaling,
409,VIT_18s0122g01460,327,0.1575,CYP87A3,,,,
410,VIT_13s0067g02910,325,0.1572,Non-specific lipid-transfer protein,,,,
411,VIT_16s0098g00580,323,0.1559,Zinc finger protein UFM,,,,
412,VIT_05s0020g01630,322,0.1547,Transcription termination factor mitochondrial mTERF,MTERF_14,,vv60085MTERF,
413,VIT_19s0090g00140,320,0.1544,5-alpha-taxadienol-10-beta-hydroxylase,E1_14_13_76,,vv10904Diterpenoid_biosynthesis,
414,VIT_01s0026g00230,319,0.1540,U4/U6 small nuclear ribonucleoprotein PRP31,K12844,,vv23040Spliceosome,
415,VIT_06s0009g01770,321,0.1540,Lipase GDSL,,,,
416,VIT_03s0091g00880,315,0.1528,Endoxylanase,E3_2_1_136,,vv40006Cell_wall,
417,VIT_18s0041g01530,309,0.1491,CYP706A12,,,,
418,VIT_13s0101g00070,307,0.1485,No hit,,,,
419,VIT_06s0004g07380,304,0.1479,Acyl-carrier protein S-malonyltransferase,E2_3_1_39,,vv10061Fatty_acid_biosynthesis,
420,VIT_09s0018g00910,302,0.1471,No hit,,,,
421,VIT_01s0011g04920,301,0.1467,MAPK (MPK9),,,,
422,VIT_03s0063g01440,302,0.1462,Transcriptional factor B3,TFB3_6,,vv60001ABI3VP1,
423,VIT_15s0021g01690,301,0.1461,Calcium-binding protein,,,,
424,VIT_07s0141g00240,304,0.1459,NADH dehydrogenase (ubiquinone) flavoprotein 2,K03943,,vv10190Oxidative_phosphorylation,vv50134Primary_active_transporter_cat_D1
425,VIT_00s0598g00010,301,0.1451,CDP-diacylglycerol synthetase,E2_7_7_41,,vv10564Glycerophospholipid_metabolism,vv34070Phosphatidylinositol_signaling_system
426,VIT_18s0122g00320,297,0.1434,PLATZ transcription factor,PLATZFAM_5,,vv60049PLATZ,
427,VIT_06s0004g01310,296,0.1431,Enoyl-[acyl-carrier-protein] reductase [NADH]  chloroplast precursor,E1_3_1_9,,vv10061Fatty_acid_biosynthesis,
428,VIT_00s0398g00020,292,0.1417,S-receptor kinase KIK1 precursor,,,,
429,VIT_18s0041g00800,292,0.1405,UDP-glucose: anthocyanidin 5 3-O-glucosyltransferase,RHGT1,,vv10942Anthocyanin_biosynthesis,
430,VIT_17s0000g02810,288,0.1385,No hit,,,,
431,VIT_11s0016g05310,287,0.1385,Peroxidase,E1_11_1_7,,vv10360Phenylalanine_metabolism,vv10680Methane_metabolism
432,VIT_16s0098g00840,285,0.1383,Unknown protein,,,,
433,VIT_15s0021g00060,282,0.1369,Eceriferum 1 (CER1 protein) Sterol desaturase,,,,
434,VIT_07s0005g02120,280,0.1355,Cyclase/dehydrase,,,,
435,VIT_03s0088g00910,281,0.1353,Pathogenesis related protein 1 precursor [Vitis vinifera],PRP1,,vv30011Jasmonate_signaling,vv34626Plant-pathogen_interaction
436,VIT_00s0404g00100,278,0.1347,Syntaxin of plants 124,K08486,,vv24130SNARE_interactions_in_vesicular_transport,vv50101Channels_and_pores
437,VIT_05s0077g01360,281,0.1344,Myb domain protein 111,MYB111_1,MYBF2,vv60044MYB,
438,VIT_12s0057g01520,276,0.1334,No hit,,,,
439,VIT_06s0004g07330,276,0.1334,No hit,,,,
440,VIT_01s0011g00790,273,0.1319,DnaJ homolog  subfamily C  member 2 gonidia forming protein GlsA,K09522_1,,vv50132Primary_active_transporter_cat_A5_to_A8,vv60045MYBrelated
441,VIT_05s0020g00370,272,0.1317,No hit,,,,
442,VIT_15s0046g02030,272,0.1314,Protein kinase,,,,
443,VIT_14s0068g00380,270,0.1302,NLI interacting factor (NIF) family protein,,,,
444,VIT_06s0004g00290,264,0.1282,Ent-kaurenoic acid 13-hydroxylase,E1_14_13_79,,vv10904Diterpenoid_biosynthesis,
445,VIT_05s0049g02310,265,0.1279,Biopterin transport-related protein BT1,BIOPTERIN,,vv50125Porters_cat_66_to_94,
446,VIT_07s0095g00680,263,0.1269,Serine/threonine kinase BRLK,,,,
447,VIT_13s0106g00690,262,0.1262,No hit,,,,
448,VIT_19s0014g02030,259,0.1252,flavonol 3-O-glucosyltransferase,E2_4_1_91,,vv10941Flavonoid_biosynthesis,
449,VIT_08s0056g01690,258,0.1247,LrgB-like family protein,,,,
450,VIT_09s0054g00900,257,0.1243,Chaperone BCS1 mitochondrial,K08900,,,
451,VIT_07s0031g01430,253,0.1229,No hit,,,,
452,VIT_08s0056g00330,250,0.1214,Bromodomain containing,,,,
453,VIT_01s0150g00240,252,0.1211,No hit,,,,
454,VIT_04s0008g00870,247,0.1201,Phosphoethanolamine/phosphocholine phosphatase,E3_1_3_75,,vv10564Glycerophospholipid_metabolism,
455,VIT_13s0067g01620,247,0.1194,Dual-specific kinase DSK1,,,,
456,VIT_00s0211g00180,244,0.1193,MADS-box agamous-like 21,AGL21_8,,vv60042MADS,
457,VIT_13s0019g05060,245,0.1188,Nodulin-like protein,,,,
458,VIT_04s0008g05800,246,0.1182,HEAT repeat-containing protein,,,,
459,VIT_18s0001g00660,244,0.1173,High mobility group (HMG1/2) family protein,HMG1_2_4,,vv60005ARID,
460,VIT_13s0064g01600,240,0.1166,Glycosyl hydrolase family 1 protein,,,,
461,VIT_02s0025g05100,240,0.1164,AT-hook DNA-binding protein,,,,
462,VIT_05s0051g00670,240,0.1159,9-cis-epoxycarotenoid dioxygenase 4,E1_13_11_51,,vv10906Carotenoid_biosynthesis,vv11013ABA_biosynthesis
463,VIT_18s0089g00340,239,0.1155,Unknown protein,,,,
464,VIT_03s0097g00620,238,0.1154,N-acylethanolamine amidohydrolase,E3_5_1_60,,vv10564Glycerophospholipid_metabolism,
465,VIT_00s0216g00070,237,0.1148,Unknown,,,,
466,VIT_12s0028g01100,238,0.1146,Aldo/keto reductase,E1_1_1_21,,vv10040Pentose_glucuronate_interconversion,vv10051Fructose_and_mannose_metabolism
467,VIT_18s0001g14420,233,0.1128,Unknown,,,,
468,VIT_03s0063g01850,232,0.1126,AOS (allene oxide synthase),E4_2_1_92,,vv10592alpha-Linolenic_acid_metabolism,
469,VIT_19s0014g01920,231,0.1121,Unknown protein,,,,
470,VIT_08s0007g08730,230,0.1116,ABC transporter A member 1,K05641,,vv52010ABC_transporters,
471,VIT_19s0014g00860,228,0.1109,Zinc finger (FYVE type),ZFFYVE_3,,vv60080Other_zf,
472,VIT_17s0000g01350,229,0.1106,Unknown,,,,
473,VIT_09s0002g03820,228,0.1102,RPS5 (resistant to p. syringae 5),K13460,,vv34627R_proteins_from_Plant-pathogen_interaction,
474,VIT_04s0008g01890,226,0.1094,F-box family protein (FBL15),,,,
475,VIT_10s0071g00940,225,0.1091,Oligopeptidase B,E3_4_21_83,,,
476,VIT_00s0269g00120,225,0.1090,Ankyrin repeat protein,,,,
477,VIT_14s0171g00480,223,0.1083,F-box domain containing protein,,,,
478,VIT_18s0001g13670,220,0.1067,Glyoxal oxidase-related,,,,
479,VIT_04s0023g02610,216,0.1045,Epoxide hydrolase 2,E3_3_2_10,,,
480,VIT_13s0067g03510,211,0.1020,ARR9 typeA,ARR9_2,,vv30007Cytokinin_signaling,vv60072Orphans_Response_reg
481,VIT_06s0009g03360,211,0.1015,Unknown protein,,,,
482,VIT_09s0002g01370,206,0.1000,AP2 AINTEGUMENTA,AINTEGUMENTA_1,VvAP2-10,vv30008Ethylene_signaling,vv60003AP2_EREBP
483,VIT_09s0002g06230,203,0.0983,RPS5 (resistant to p. syringae 5),K13460,,vv34627R_proteins_from_Plant-pathogen_interaction,
484,VIT_00s0371g00050,202,0.0977,Mannitol dehydrogenase,E1_1_1_67,,vv10051Fructose_and_mannose_metabolism,
485,VIT_01s0026g01870,197,0.0958,Avr9/Cf-9 induced kinase 1,,,,
486,VIT_05s0020g03360,198,0.0956,Unknown,,,,
487,VIT_03s0091g01110,194,0.0935,Meprin and TRAF homology domain-containing protein,,,,
488,VIT_01s0010g02100,192,0.0931,Indeterminate(ID)-domain 5,IDD5_1,,vv60017C2H2,
489,VIT_05s0094g00590,192,0.0930,No hit,,,,
490,VIT_07s0005g03030,191,0.0924,Lateral organ boundaries Domain 16,LBD16,,vv60007AS2,
491,VIT_00s1543g00010<br>VIT_00s0194g00160,192,0.0923,
492,VIT_18s0076g00340,186,0.0893,CYP707A3,,,,
493,VIT_12s0059g00780,184,0.0887,No hit,,,,
494,VIT_04s0023g02980,180,0.0874,Pectinesterase family,E3_1_1_11,,vv40006Cell_wall,
495,VIT_13s0019g03390,180,0.0871,Unknown protein,,,,
496,VIT_17s0000g07460,173,0.0839,Pentatricopeptide repeat-containing protein,,,,
497,VIT_05s0020g04310,173,0.0828,No hit,,,,
498,VIT_14s0108g00980,171,0.0828,Cycling DOF factor 1,CDF1,,vv60015C2C2-DOF,
499,VIT_09s0002g00810,169,0.0816,S-2-hydroxy-acid oxidase  peroxisomal,E1_1_3_15,,vv10630Glyoxylate_and_dicarboxylate_metabolism,vv44146Peroxisome
500,VIT_16s0050g02610,169,0.0812,Nucleotidyltransferase,E2_7_7_x,,,
501,VIT_06s0004g00330,167,0.0808,Hcr2-p4.1,,,,
502,VIT_05s0094g01100,167,0.0802,Ribosomal protein L2,K02886,,vv23010Ribosome,
503,VIT_00s0256g00100,162,0.0785,No hit,,,,
504,VIT_06s0009g03620,158,0.0759,No hit,,,,
505,VIT_04s0023g02510,156,0.0755,Glycosyl transferase family 1 protein,,,,
506,VIT_07s0141g00220,155,0.0751,Unfertilized embryo sac 12 UNE12,UNE12_2,,vv60011BHLH,
507,VIT_06s0004g08090,156,0.0751,Zinc finger (C3HC4-type ring finger),ZFC3HC4_171,,vv60078Other_zf-C3HC4,
508,VIT_07s0031g01000,153,0.0741,No hit,,,,
509,VIT_01s0011g02660,152,0.0739,No hit,,,,
510,VIT_17s0000g04040,152,0.0732,No hit,,,,
511,VIT_07s0005g05590,150,0.0728,Unknown,,,,
512,VIT_05s0051g00790,151,0.0727,Glutamate receptor protein,GLR2_7,,vv50101Channels_and_pores,
513,VIT_18s0001g03400,148,0.0719,Nematode resistance-like protein,,,,
514,VIT_10s0003g00850,148,0.0719,Zinc finger (C3HC4-type ring finger),ZFC3HC4_237,,vv60078Other_zf-C3HC4,
515,VIT_12s0057g00210,147,0.0714,No hit,,,,
516,VIT_17s0000g03640,147,0.0710,Proline-rich protein precursor,,,,
517,VIT_01s0146g00420,147,0.0706,No hit,,,,
518,VIT_00s0207g00050,144,0.0701,No hit,,,,
519,VIT_10s0116g00160,145,0.0700,Bromo-adjacenty (BAH) domain-containing protein,PHDBAH_1,,vv60048PHD,
520,VIT_00s0281g00030,144,0.0694,No hit,,,,
521,VIT_19s0027g01680,141,0.0686,Tetratricopeptide helical,,,,
522,VIT_13s0019g04300,141,0.0684,Ribosomal protein L12 (RPL12A) 60S,K02870,,vv23010Ribosome,vv30001ABA_signaling
523,VIT_00s1278g00010,140,0.0677,Brassinosteroid insensitive 1-associated receptor kinase 1,BAK1,,vv30005Brassinosteroids_signaling,
524,VIT_14s0066g01010,138,0.0670,Myb domain protein 98,MYB98_1,MYB184,vv60044MYB,
525,VIT_14s0068g00310,134,0.0647,Nuclear transport factor 2 (NTF2),NTF2,,vv50133Primary_active_transporter_cat_A9_to_A18,
526,VIT_06s0004g06030,133,0.0647,Calcium/calmodulin-regulated receptor kinase,,,,
527,VIT_04s0043g00550,133,0.0643,Carboxyl-terminal proteinase,,,,
528,VIT_14s0066g01450,133,0.0641,MBD9 (methyl-CPG-binding Domain 9),MBD9_3,,vv30009Flower_development,vv60048PHD
529,VIT_07s0031g00870,129,0.0626,Patatin,,,,
530,VIT_11s0016g05440,128,0.0621,Curculin (mannose-binding) lectin,,,,
531,VIT_13s0019g04180,128,0.0620,Aminodeoxychorismate synthase/glutamine amidotransferase,E6_3_5_8,,vv10790Folate_biosynthesis,
532,VIT_15s0048g00910,125,0.0607,Unknown protein,,,,
533,VIT_01s0010g03560,124,0.0604,CYP78A5,,,,
534,VIT_19s0014g03090,124,0.0596,CBS domain-containing protein,,,,
535,VIT_16s0013g01980,123,0.0592,Actin 7 (ACT7) / actin 2,ACT7,,vv44810Regulation_of_actin_cytoskeleton,
536,VIT_11s0118g00030,122,0.0587,Exostosin family protein,K02366,,vv11030Glycan_structures-biosynthesis1,
537,VIT_18s0072g00430,121,0.0587,Alginate_lyase2,E4_2_2_11,,,
538,VIT_13s0019g02600,121,0.0586,Subtilisin protease C1,SBT4_13,,,
539,VIT_05s0049g01080,120,0.0581,Glutathione S-transferase 25 GSTU7,E2_5_1_18_GSTU7,,vv10480Glutathione_metabolism,
540,VIT_15s0046g00550,121,0.0581,Wax synthase,E2_3_1_75,,vv11000Single_reactions,
541,VIT_04s0023g02260,120,0.0579,S-adenosyl-L-methionine:salicylic acid carboxyl methyltransferase,SAMTBSCMT,,vv10360Phenylalanine_metabolism,
542,VIT_19s0014g02070,119,0.0578,flavonol 3-O-glucosyltransferase,E2_4_1_91,,vv10941Flavonoid_biosynthesis,
543,VIT_14s0068g01650,117,0.0568,GYF domain-containing protein,,,,
544,VIT_16s0100g00040,118,0.0567,No hit,,,,
545,VIT_00s0566g00020,117,0.0564,Unknown protein,,,,
546,VIT_19s0085g00720,115,0.0557,3-deoxy-8-phosphooctulonate synthase.,E2_5_1_55,,vv10540Lipopolysaccharide_biosynthesis,
547,VIT_17s0000g02430,114,0.0549,Phosphoethanolamine N-methyltransferase,E2_1_1_103,,vv10564Glycerophospholipid_metabolism,
548,VIT_16s0013g02170,113,0.0543,Protein kinase,,,,
549,VIT_19s0014g04860,112,0.0543,ATP synthase g subunit   Mitochondrial,K02140,,vv10190Oxidative_phosphorylation,vv50131Primary_active_transporter_cat_A2_to_A4
550,VIT_18s0075g00690,113,0.0542,flavin-containing monooxygenase,E1_14_13_8,,vv11000Single_reactions,
551,VIT_00s0516g00030,110,0.0532,Dehydrogenase/reductase SDR family member 4,K11147,,vv44146Peroxisome,
552,VIT_06s0004g08330,110,0.0532,No hit,,,,
553,VIT_06s0009g01970,109,0.0531,Light repressible receptor protein kinase,,,,
554,VIT_18s0001g13460,110,0.0531,MADS-box AP3 [Vitis labrusca x Vitis vinifera],APETALA3_1,,vv30009Flower_development,vv60042MADS
555,VIT_05s0094g00740,110,0.0531,Stearoyl-acyl-[acyl-carrier-protein] desaturase,E1_14_19_2,,vv11040Biosynthesis_of_unsaturated_fatty_acids,
556,VIT_08s0058g00490,109,0.0528,Unknown protein,,,,
557,VIT_18s0001g15020,109,0.0525,DnaJ homolog  subfamily A  member 4,K09505,,vv50132Primary_active_transporter_cat_A5_to_A8,
558,VIT_00s0663g00030,108,0.0525,Seven in absentia (SINA) family,K04506,,vv24120Ubiquitin_mediated_proteolysis,
559,VIT_01s0011g04850,108,0.0522,Unknown protein,,,,
560,VIT_17s0000g00150,108,0.0520,LEAFY protein (Floricaula/leafy protein),LFY,,vv30009Flower_development,vv60039LFY
561,VIT_16s0100g00210,108,0.0518,No hit,,,,
562,VIT_18s0001g03300,107,0.0516,1-aminocyclopropane-1-carboxylate synthase,E4_4_1_14,,vv10640Propanoate_metabolism,vv30008Ethylene_signaling
563,VIT_16s0050g02800,103,0.0502,No hit,,,,
564,VIT_12s0057g01220,103,0.0499,Emp24/gp25L/p24 family protein,EMP24,,vv50110Protein_coat,
565,VIT_10s0116g01720,103,0.0499,Unknown protein,,,,
566,VIT_02s0025g03030,101,0.0492,Zinc finger (C3HC4-type ring finger),ZFC3HC4_23,,vv60078Other_zf-C3HC4,
567,VIT_00s0271g00030<br>VIT_00s0271g00060,100,0.0484,
568,VIT_10s0003g01490,99,0.0478,NIK3 (NSP- interacting  kinase 3),,,,
569,VIT_18s0001g05830,97,0.0470,Unknown,,,,
570,VIT_05s0094g00550,95,0.0458,Stearoyl-acyl-[acyl-carrier-protein] desaturase,E1_14_19_2,,vv11040Biosynthesis_of_unsaturated_fatty_acids,
571,VIT_06s0004g06570,95,0.0458,Calcium/proton exchanger CAX3,K07300_CAX3,,vv50123Porters_cat_18_to_29,
572,VIT_14s0081g00210,93,0.0449,No hit,,,,
573,VIT_08s0040g00820,92,0.0447,CYP94A1,,,,
574,VIT_06s0004g04910,91,0.0440,Unknown protein,,,,
575,VIT_13s0019g04240,90,0.0434,Protein disulfide-isomerase A1,K09580,,vv24141Protein_processing_in_endoplasmic_reticulum,
576,VIT_11s0118g00530,89,0.0431,Unknown,,,,
577,VIT_04s0079g00410,88,0.0427,CIR1/RVE2 (circadian 1),CIR1,,vv34710Circadian_rhythm,vv60045MYBrelated
578,VIT_11s0016g03050,88,0.0427,MATE efflux family protein,MATE,,vv50125Porters_cat_66_to_94,
579,VIT_06s0004g04690,86,0.0418,DNA-binding protein,,,,
580,VIT_10s0116g01530,86,0.0417,DNA helicase SNF2 domain-containing protein,SNF2HEL_5,,vv60058SNF2,
581,VIT_05s0049g01320,86,0.0416,Unknown protein,,,,
582,VIT_19s0014g01400,86,0.0413,Agenet domain-containing protein,,,,
583,VIT_00s0361g00030,85,0.0412,Isoflavone reductase related protein,E1_3_1_45,,vv10943Isoflavonoid_biosynthesis,
584,VIT_18s0001g10460,85,0.0412,Defective chloroplasts and leaves protein / DCL protein,,,,
585,VIT_02s0025g00140,84,0.0406,Ring-H2 zinc finger protein RHA1b,,,,
586,VIT_03s0038g00800,83,0.0404,NADP-dependent D-sorbitol-6-phosphate dehydrogenase,E1_1_1_140,,vv10051Fructose_and_mannose_metabolism,
587,VIT_06s0080g01260,83,0.0402,Receptor-like kinase,,,,
588,VIT_16s0039g00340,82,0.0397,Harpin-induced protein-related,,,,
589,VIT_00s0271g00100,82,0.0395,Unknown,,,,
590,VIT_06s0009g00580,81,0.0393,Receptor protein kinase,,,,
591,VIT_14s0006g03250,81,0.0392,AWPM-19,AWPM19,,vv30001ABA_signaling,
592,VIT_06s0061g00390,81,0.0392,Auxin responsive SAUR protein,SAUR,,vv30003Auxin_signaling,
593,VIT_05s0124g00530,80,0.0387,Ankyrin protein kinase,,,,
594,VIT_12s0057g01030,80,0.0385,Glucose-6-phosphate 1-dehydrogenase 2  chloroplast precursor,E1_1_1_49,,vv10030Pentose_phosphate,vv10480Glutathione_metabolism
595,VIT_17s0000g00980,79,0.0380,Ribosomal protein L7A (RPL7aB) 60S,K02936,,vv23010Ribosome,
596,VIT_08s0007g08080,78,0.0378,G protein beta subunit-like,K08266,,vv34150mTOR_signaling_pathway,
597,VIT_11s0052g01480,78,0.0377,Salt-inducible protein kinase,,,,
598,VIT_07s0031g02670,78,0.0377,Delay of germination 1,DOG1_4,,vv60012BZIP,
599,VIT_14s0030g01600,77,0.0373,DNA-binding storekeeper protein,STOREKEEPER_5,,vv60030GeBP,
600,VIT_14s0060g02340,77,0.0371,Heat shock protein 70,K03283,,vv23040Spliceosome,vv24141Protein_processing_in_endoplasmic_reticulum
601,VIT_14s0060g00270,77,0.0370,Pentatricopeptide (PPR) repeat-containing,,,,
602,VIT_13s0067g02650,76,0.0368,Nucleotidyltransferase family protein,E2_7_7_x,,,
603,VIT_15s0048g02640,76,0.0368,No hit,,,,
604,VIT_07s0095g00140,75,0.0361,No hit,,,,
605,VIT_00s0540g00040<br>VIT_11s0149g00300,74,0.0360,
606,VIT_00s2580g00010,74,0.0358,U4/U6.U5 tri-snRNP-associated protein 2,K12847,,vv23040Spliceosome,
607,VIT_06s0004g02440,74,0.0358,No hit,,,,
608,VIT_00s0215g00080,73,0.0355,No hit,,,,
609,VIT_14s0036g00640,73,0.0352,No hit,,,,
610,VIT_03s0038g01740,72,0.0348,Disease resistance RPP8 2,,,,
611,VIT_14s0068g01720,72,0.0348,Unknown protein,,,,
612,VIT_19s0014g01930,71,0.0343,Unknown protein,,,,
613,VIT_14s0108g00950,70,0.0337,Unknown protein,,,,
614,VIT_18s0001g01760,69,0.0336,PISTILLATA (PI) floral homeotic protein,PISTILLATA_1,,vv30009Flower_development,vv60042MADS
615,VIT_18s0001g14360,68,0.0328,Tubulin beta-1 chain,K07375,,vv44145Phagosome,vv44810Regulation_of_actin_cytoskeleton
616,VIT_04s0023g03810,66,0.0320,Jasmonate O-methyltransferase,E2_1_1_141,,vv10592alpha-Linolenic_acid_metabolism,
617,VIT_12s0028g01220,66,0.0319,Zinc finger (C3HC4-type ring finger),ZFC3HC4_212,,vv60078Other_zf-C3HC4,
618,VIT_02s0025g01620,66,0.0319,Lipase GDSL,,,,
619,VIT_08s0007g03700,66,0.0319,Transcription initiation factor TFIID subunit D10,K03126,,vv23022Basal_transcription_factors,
620,VIT_08s0007g02830,65,0.0314,Unknown protein,,,,
621,VIT_01s0011g03060,65,0.0313,Symbiosis receptor-like kinase,,,,
622,VIT_09s0002g06760,64,0.0310,Phospholipase D alpha 1 precursor (PLD 1) (Choline phosphatase 1),PLDA1,,vv10564Glycerophospholipid_metabolism,vv10565Ether_lipid_metabolism
623,VIT_11s0016g01790,63,0.0306,Unknown protein,,,,
624,VIT_04s0069g00130,63,0.0305,No hit,,,,
625,VIT_17s0000g09280,62,0.0302,Ubiquitin-associated (UBA),,,,
626,VIT_13s0064g00250,62,0.0298,Yip1 interacting factor homolog B,YIF1B,,vv50110Protein_coat,
627,VIT_11s0016g04800,61,0.0297,No hit,,,,
628,VIT_19s0015g00290,61,0.0296,No hit,,,,
629,VIT_10s0003g03980,61,0.0295,LEM3 (ligand-effect modulator 3) family protein,LEM3,,vv50108Accessory_factors_involved_in_transport,
630,VIT_09s0054g01220,60,0.0292,Cycloartenol synthase,E5_4_99_8,,vv10100Biosynthesis_of_steroids,
631,VIT_07s0130g00200,60,0.0291,Lipase GDSL,,,,
632,VIT_11s0037g00940,60,0.0290,No hit,,,,
633,VIT_04s0008g06350,60,0.0289,TPR1 (topless-related 1),TPR1,,vv30003Auxin_signaling,
634,VIT_14s0006g01460,59,0.0286,CHAT (acetyl coa:(z)-3-hexen-1-ol acetyltransferase),CHAT,,vv10592alpha-Linolenic_acid_metabolism,
635,VIT_06s0009g00930,59,0.0285,No hit,,,,
636,VIT_12s0028g01840,59,0.0285,Peroxidase,E1_11_1_7,,vv10360Phenylalanine_metabolism,vv10680Methane_metabolism
637,VIT_18s0072g01080,59,0.0283,DnaJ homolog  subfamily C  member 8,K09528,,vv50132Primary_active_transporter_cat_A5_to_A8,
638,VIT_14s0036g00540,58,0.0281,Ribulose bisphosphate carboxylase  large chain,E4_1_1_39,,vv10710Carbon_fixation,
639,VIT_12s0057g00750,58,0.0281,CF9,K13446,,vv34626Plant-pathogen_interaction,
640,VIT_13s0064g01260,58,0.0279,DNA-damage-repair/toleration protein (DRT100),,,,
641,VIT_17s0000g03470,57,0.0276,STAM-binding protein,E3_1_2_15,,vv24120Ubiquitin_mediated_proteolysis,
642,VIT_11s0065g00680,57,0.0275,Serine/threonine kinase 38,,,,
643,VIT_13s0139g00160,57,0.0274,Golgin candidate 6,GOLGINC6,,vv50109Incompletely_characterized_transport_systems,
644,VIT_01s0026g01760,56,0.0271,No hit,,,,
645,VIT_08s0007g00260,55,0.0268,No hit,,,,
646,VIT_17s0000g01780,55,0.0266,Brain protein 44,,,,
647,VIT_07s0005g05340,54,0.0260,No hit,,,,
648,VIT_09s0002g07020,54,0.0259,TPR4/WSIP2 (topless-related 4),TPR4,,vv30003Auxin_signaling,
649,VIT_16s0050g01330,53,0.0258,Retrovirus Pol polyprotein from transposon TNT 1-94,,,,
650,VIT_17s0000g09620,53,0.0258,Rhodanese domain-containing protein,K07146,,,
651,VIT_00s2213g00010,53,0.0256,CTV.20,,,,
652,VIT_18s0001g12500,52,0.0253,Unknown protein,,,,
653,VIT_14s0068g02070,51,0.0247,Peptidase M48,,,,
654,VIT_01s0011g04740,51,0.0246,LPR1 (Low Phosphate Root1) multicopper oxidase,,,,
655,VIT_16s0022g01580,49,0.0238,3-ketoacyl-CoA synthase,,,,
656,VIT_11s0016g01680,49,0.0238,No hit,,,,
657,VIT_07s0095g00010,49,0.0238,S-receptor kinase 1,,,,
658,VIT_02s0025g04350,47,0.0229,C2 domain protein,,,,
659,VIT_03s0063g02000,46,0.0222,IBR domain-containing protein,,,,
660,VIT_04s0008g01290,45,0.0218,CGA1 (cytokinin-responsive GATA factor 1),CGA1,,vv30007Cytokinin_signaling,vv60016C2C2-GATA
661,VIT_04s0008g01680,45,0.0218,EMB2745,,,,
662,VIT_14s0060g01670,45,0.0217,Xyloglucan:xyloglucosyl transferase,E2_4_1_207,,vv40006Cell_wall,
663,VIT_18s0001g00100,45,0.0217,Auxin-independent growth promoter,,,,
664,VIT_03s0097g00240,43,0.0208,No hit,,,,
665,VIT_07s0129g00160<br>VIT_07s0129g00090,43,0.0206,
666,VIT_14s0108g01320,42,0.0203,Plastocyanin domain-containing protein,K02638,,vv10195Photosynthesis,vv50113Thylakoid_targeting_pathway
667,VIT_04s0008g02520,41,0.0199,ATP binding protein,,,,
668,VIT_07s0104g00250,40,0.0194,Basic helix-loop-helix (bHLH) family,BHLHDOM_20,,vv60011BHLH,
669,VIT_05s0029g00130,40,0.0194,High mobility group (HMG1/2),HMG1_2_2,,vv60005ARID,
670,VIT_19s0177g00340,40,0.0194,Unknown protein,,,,
671,VIT_19s0014g03250,40,0.0194,Beta-mannosidase 4,E3_2_1_25,,vv10511N-Glycan_degradation,
672,VIT_15s0048g00400,40,0.0193,Proton-dependent oligopeptide transport (POT) family protein,POT,,vv50122Porters_cat_7_to_17,
673,VIT_08s0105g00460,39,0.0188,Acyl-CoA oxidase ACX4,E1_3_3_6_ACX4,,vv10071Fatty_acid_metabolism,vv10592Alpha-linolenic_acid_metabolism
674,VIT_05s0029g00110,38,0.0184,Unknown protein,,,,
675,VIT_11s0052g00910,37,0.0179,No hit,,,,
676,VIT_14s0060g02550,37,0.0179,Unknown,,,,
677,VIT_18s0001g00680,36,0.0174,Laccase,E1_10_3_2,,vv11000Single_reactions,vv50109Incompletely_characterized_transport_systems
678,VIT_16s0022g02330,36,0.0173,MADS-box agamous-like 6,AGL6_2,,vv60042MADS,
679,VIT_04s0008g00150,35,0.0170,NAC domain containing protein 36,NAC036_1,VvNAC04,vv60046NAC,
680,VIT_09s0002g02800,35,0.0169,Light repressible receptor protein kinase,,,,
681,VIT_19s0090g00950,35,0.0169,Glycosyltransferase,,,,
682,VIT_13s0067g03760,34,0.0165,U4/U6 small nuclear ribonucleoprotein PRP3,K12843,,vv23040Spliceosome,
683,VIT_12s0178g00010,34,0.0165,PHP domain-containing protein,,,,
684,VIT_02s0012g01610,34,0.0165,Beta-1 3-glucanase precursor,E3_2_1_6,,,
685,VIT_13s0019g03930,34,0.0164,No hit,,,,
686,VIT_11s0037g01140,34,0.0164,No hit,,,,
687,VIT_08s0007g05010,33,0.0160,Unknown protein,,,,
688,VIT_02s0025g02270,33,0.0160,PRLI-interacting factor G,,,,
689,VIT_03s0097g00350,33,0.0159,Myosin-like protein XIK,MYOSINXIK,,vv44810Regulation_of_actin_cytoskeleton,
690,VIT_07s0005g01380,33,0.0159,Histidine kinase homolog CKI1,CKI1,,vv30007Cytokinin_signaling,
691,VIT_08s0058g01300,33,0.0159,High-level expression of sugar-inducible like 1,HSL1_2,,vv60001ABI3VP1,
692,VIT_01s0011g06030,33,0.0159,Myrosinase precursor,E3_2_1_147,,vv11002Auxin_biosynthesis,
693,VIT_03s0063g01840,32,0.0155,AOS (allene oxide synthase),E4_2_1_92,,vv10592alpha-Linolenic_acid_metabolism,
694,VIT_07s0095g00750,32,0.0154,Auxin-independent growth promoter (axi 1),AXI1,,vv30003Auxin_signaling,
695,VIT_07s0129g00340,32,0.0154,Shoot gravitropism 7,SGR7_2,,vv60032GRAS,
696,VIT_14s0060g02740,31,0.0149,Gag-pol polyprotein,,,,
697,VIT_04s0043g00800,31,0.0148,2OG-Fe(II) oxygenase,,,,
698,VIT_18s0001g04570,30,0.0146,No hit,,,,
699,VIT_04s0008g02980,30,0.0145,Lupeol synthase,E5_4_99_8,,vv10100Biosynthesis_of_steroids,
700,VIT_18s0166g00120,30,0.0145,Concanavalin A lectin,,,,
701,VIT_14s0108g00070,30,0.0145,Transcription initiation factor TFIID subunit D4,K03130,,vv23022Basal_transcription_factors,
702,VIT_09s0002g06000,30,0.0145,Cytochrome c oxidase subunit Vb,K02265,,vv10190Oxidative_phosphorylation,vv50135Primary_active_transporter_cat_D3_to_E2
703,VIT_06s0004g01260,30,0.0145,U-box protein,,,,
704,VIT_14s0083g00880,30,0.0144,Phosphatidylinositol 4-kinase type-II,K13711,,vv10562Inositol_phosphate_metabolism,vv34070Phosphatidylinositol_signaling_system
705,VIT_09s0002g00480,30,0.0144,No hit,,,,
706,VIT_09s0002g06130,29,0.0140,Zinc finger (CCCH-type) family protein,CCCHFAM_16,,vv60018C3H,
707,VIT_08s0007g06590,29,0.0140,Lectin protein kinase,,,,
708,VIT_18s0001g12900,29,0.0140,S-adenosyl-L-methionine:salicylic acid carboxyl methyltransferase,SAMTBSCMT,,vv10360Phenylalanine_metabolism,
709,VIT_09s0002g04250,29,0.0139,Protein disulfide-isomerase A1,K09580,,vv24141Protein_processing_in_endoplasmic_reticulum,
710,VIT_01s0011g05830,28,0.0137,ARR1 typeB,ARR1_1,,vv30007Cytokinin_signaling,vv60006ARR-B
711,VIT_09s0002g04730,28,0.0136,No hit,,,,
712,VIT_14s0030g01180,28,0.0135,No hit,,,,
713,VIT_01s0011g06320,27,0.0131,Cyclin J18,CYCJ18,,vv44110Cell_cycle,
714,VIT_19s0014g02620,27,0.0131,S-receptor kinase,,,,
715,VIT_07s0005g03970,27,0.0131,Peptide transporter protein 3,PTR3,,vv50122Porters_cat_7_to_17,
716,VIT_11s0016g04740,26,0.0127,Boron transporter-like protein 4,BOR4,,vv50124Porters_cat_30_to_64,
717,VIT_16s0050g01900,25,0.0121,Leucine-rich repeat protein kinase,,,,
718,VIT_11s0016g05850,25,0.0121,Vesicle-associated membrane protein 7C,K08515,,vv24130SNARE_interactions_in_vesicular_transport,vv50101Channels_and_pores
719,VIT_01s0127g00540,25,0.0121,Protein disulfide isomerase,E5_3_4_1,,,
720,VIT_14s0006g01340,25,0.0120,Myb domain protein 113,MYB113_1,MYBA5,vv60044MYB,
721,VIT_18s0041g00120,25,0.0120,No hit,,,,
722,VIT_18s0001g06460,24,0.0116,Queuine tRNA-ribosyltransferase,E2_4_2_29,,vv10230Purine_metabolism,
723,VIT_01s0011g02620,24,0.0116,No hit,,,,
724,VIT_14s0066g00900,24,0.0115,Cysteine-rich receptor-like protein kinase 42,,,,
725,VIT_01s0010g02680,24,0.0115,DNA-binding storekeeper protein,STOREKEEPER_3,,vv60030GeBP,
726,VIT_00s0229g00150,22,0.0107,Unknown protein,,,,
727,VIT_18s0041g01140,22,0.0107,Lectin protein kinase,,,,
728,VIT_00s0366g00010,22,0.0107,No hit,,,,
729,VIT_17s0000g05370,22,0.0106,MYC ZCW32 (bigpetal  bigpetalub),ZCW32_1,,vv60011BHLH,
730,VIT_15s0021g01660,22,0.0106,H(+)-ATPase 11 AHA11,K01535,,vv10190Oxidative_phosphorylation,vv50131Primary_active_transporter_cat_A2_to_A4
731,VIT_06s0004g05570,22,0.0106,Subtilase,,,,
732,VIT_07s0031g00840,21,0.0102,Unknown protein,,,,
733,VIT_00s0558g00010,21,0.0101,Branched-chain-amino-acid aminotransferase 3  chloroplastic,E2_6_1_42,,vv10280Valine_leucine_and_isoleucine_degradation,vv10290Valine_leucine_and_isoleucine_biosynthesis
734,VIT_00s1311g00020,21,0.0101,Telomere repeat binding factor 1,TRB1_3,,vv60045MYBrelated,
735,VIT_06s0004g00210,21,0.0101,Subtilisin protease,,,,
736,VIT_13s0101g00020,21,0.0100,MBD9 (methyl-CPG-binding Domain 9),MBD9_1,,vv30009Flower_development,vv60048PHD
737,VIT_18s0001g06440,20,0.0097,No hit,,,,
738,VIT_11s0052g00730,20,0.0097,Adagio protein 1,ZTL,,vv34710Circadian_rhythm,
739,VIT_10s0003g02860,20,0.0097,UDP-N-acetylglucosamine transferase subunit ALG14  related,E2_4_1_141,,vv10510N-Glycan_biosynthesis,vv11030Glycan_structures-biosynthesis1
740,VIT_01s0011g00680,20,0.0096,Ribosomal protein S19 (RPS19A) 40S,K02966,,vv23010Ribosome,
741,VIT_12s0134g00050,20,0.0096,DNA-directed RNA polymerase subunit beta',K03046,,vv23020RNA_polymerase,
742,VIT_19s0090g01120,20,0.0096,Unknown protein,,,,
743,VIT_14s0006g02080,20,0.0096,S locus-linked protein SLL2,,,,
744,VIT_16s0050g00380,19,0.0092,Tubulin beta-1,K07375,,vv44145Phagosome,vv44810Regulation_of_actin_cytoskeleton
745,VIT_15s0046g01770,19,0.0092,D-erythro-sphingosine kinase,E2_7_1_107,,vv10561Glycerolipid_metabolism,vv10564Glycerophospholipid_metabolism
746,VIT_00s2642g00010,19,0.0092,H(+)-ATPase 4 AHA4,K01535,,vv10190Oxidative_phosphorylation,vv50131Primary_active_transporter_cat_A2_to_A4
747,VIT_12s0142g00590,19,0.0092,R protein L6,K13477,,vv34627R_proteins_from_Plant-pathogen_interaction,
748,VIT_02s0025g04590,19,0.0091,TCP family transcription factor TCP9,TCP9_2,,vv60061TCP,
749,VIT_01s0011g00350,18,0.0087,CYP78A5,,,,
750,VIT_19s0015g00270,18,0.0087,No hit,,,,
751,VIT_01s0010g03410,18,0.0087,Pentatricopeptide (PPR) repeat-containing protein,,,,
752,VIT_19s0014g02150,18,0.0087,No hit,,,,
753,VIT_15s0021g01060,18,0.0087,CYP72A1,K13400,,vv10902Monoterpenoid_biosynthesis,
754,VIT_17s0000g06650,18,0.0086,IBS1 (impaired in baba-induced sterility 1),,,,
755,VIT_16s0013g01860,17,0.0082,No hit,,,,
756,VIT_07s0095g00690,17,0.0082,No hit,,,,
757,VIT_02s0025g04390,17,0.0082,SEU1 protein,SEUSS,,vv30009Flower_development,
758,VIT_14s0068g00280,16,0.0078,Unknown protein,,,,
759,VIT_03s0038g04520,16,0.0078,S-adenosyl-L-methionine:salicylic acid carboxyl methyltransferase,SAMTBSCMT,,vv10360Phenylalanine_metabolism,
760,VIT_03s0063g01860,16,0.0078,AOS (allene oxide synthase),E4_2_1_92,,vv10592alpha-Linolenic_acid_metabolism,
761,VIT_16s0039g02650,16,0.0078,Vacuolar protein sorting-associated protein 72,,,,
762,VIT_06s0004g08350,16,0.0077,ABC transporter atm,K05663,,vv52010ABC_transporters,
763,VIT_01s0010g02380,16,0.0077,F-box domain containing protein,,,,
764,VIT_10s0042g00110,16,0.0077,No hit,,,,
765,VIT_01s0010g00480,15,0.0073,Chorismate mutase,E5_4_99_5,,vv10400Phenylalanine_tyrosine_and_tryptophan_biosynthesis,
766,VIT_01s0011g05890,15,0.0073,S-adenosyl-L-methionine:salicylic acid carboxyl methyltransferase,SAMTBSCMT,,vv10360Phenylalanine_metabolism,
767,VIT_02s0241g00120,15,0.0073,Receptor protein kinase,,,,
768,VIT_06s0004g02460,15,0.0073,Myb family,MYBREL_4,,vv60045MYBrelated,
769,VIT_19s0014g02390,15,0.0072,No hit,,,,
770,VIT_09s0002g01720,15,0.0072,No hit,,,,
771,VIT_10s0071g01080,15,0.0072,Unknown protein,,,,
772,VIT_09s0002g03830,14,0.0068,No hit,,,,
773,VIT_18s0001g00210,14,0.0068,Cytokinin riboside 5'-monophosphate phosphoribohydrolase LOG5,LOG5,,vv10908Zeatin_biosynthesis,
774,VIT_09s0018g01910,14,0.0068,Unknown,,,,
775,VIT_04s0023g01640,13,0.0063,Steroid 22-alpha-hydroxylase (CYP90B1) (DWF4),K09587,,vv10905Brassinosteroid_biosynthesis,
776,VIT_08s0056g00990,13,0.0063,No hit,,,,
777,VIT_02s0033g00020,13,0.0063,Unknown protein,,,,
778,VIT_04s0023g00150,13,0.0063,Inner membrane ALBINO3-like protein 2,ALB3L2,,vv50113Thylakoid_targeting_pathway,
779,VIT_19s0085g00640,13,0.0063,CTV.20,,,,
780,VIT_09s0002g00830,13,0.0063,Unknown protein,,,,
781,VIT_12s0134g00420,13,0.0062,Leucine-rich repeat family protein,,,,
782,VIT_00s0179g00160,12,0.0058,No hit,,,,
783,VIT_07s0005g04870,12,0.0058,Glutathione S-transferase 25 GSTU7,E2_5_1_18_GSTU7,,vv10480Glutathione_metabolism,
784,VIT_08s0007g01200,12,0.0058,S-locus receptor protein kinase,,,,
785,VIT_18s0001g15340,12,0.0058,Pentatricopeptide (PPR) repeat-containing protein,,,,
786,VIT_06s0004g06870,12,0.0058,Metallopeptidase M24,K01423,,vv10300Lysine_biosynthesis,vv10780Biotin_metabolism
787,VIT_14s0068g00130<br>VIT_14s0068g00110<br>VIT_14s0068g00120,12,0.0058,
788,VIT_00s0341g00050,12,0.0058,ATMYB66/WER/WER1 (WEREWOLF 1),WEREWOLF_3,MYBPAL1,vv44110Cell_cycle,vv60044MYB
789,VIT_14s0060g00710,12,0.0058,Synbindin TRAPPC4,TRAPPC4,,vv50110Protein_coat,
790,VIT_12s0034g01220,12,0.0058,Unknown protein,,,,
791,VIT_07s0141g00720,12,0.0058,fimbrin 1,FIMBRIN1,,vv44810Regulation_of_actin_cytoskeleton,
792,VIT_08s0040g03000,12,0.0058,No hit,,,,
793,VIT_02s0025g02730,12,0.0058,Alcohol dehydrogenase,E1_1_1_1,,vv10010Glycolysis,vv10071Fatty_acid_metabolism
794,VIT_19s0014g04010,12,0.0058,No hit,,,,
795,VIT_06s0080g01200,12,0.0058,Harpin-induced family protein,,,,
796,VIT_14s0060g01050,12,0.0058,Pentatricopeptide (PPR) repeat-containing protein,,,,
797,VIT_01s0011g04530,12,0.0058,Tetratricopeptide repeat protein 5,,,,
798,VIT_11s0052g01160,12,0.0058,ARR10 (Arabidopsis response regulator 10),ARR10,,vv30007Cytokinin_signaling,vv60006ARR-B
799,VIT_17s0000g01920,12,0.0057,Nuclear transcription factor  X-box binding 1,NFXL1_2,,vv60080Other_zf,
800,VIT_05s0049g00060,11,0.0053,Oxidative-stress responsive 1,K08835,,,
801,VIT_11s0078g00440,11,0.0053,U4/U6.U5 tri-snRNP-associated protein 1 SART-1,K11984,,vv23040Spliceosome,
802,VIT_03s0017g01720,11,0.0053,Gamma-aminobutyrate transaminase subunit precursor isozyme 3,E2_6_1_19,,vv10251Glutamate_metabolism,vv10252Alanine_and_aspartate_metabolism
803,VIT_01s0011g04380,11,0.0053,Acyl-(acyl carrier protein) thioesterase,E3_1_2_14,,vv10061Fatty_acid_biosynthesis,
804,VIT_16s0050g00980,10,0.0049,ferric reduction oxidase 2,FRO2,,vv50105Transport_electron_carriers,
805,VIT_09s0002g06190,10,0.0049,No hit,,,,
806,VIT_00s1764g00020,10,0.0048,Leucine-rich repeat transmembrane protein kinase,,,,
807,VIT_07s0031g00690,10,0.0048,ABA 8'-hydroxylase CYP707A2,E1_14_13_93,,vv10906Carotenoid_biosynthesis,vv11013ABA_biosynthesis
808,VIT_00s0587g00030,10,0.0048,CBS domain-containing protein,,,,
809,VIT_07s0104g00920,10,0.0048,No hit,,,,
810,VIT_02s0012g02820,10,0.0048,Geraniol 10-hydroxylase,G10H,,vv10902Monoterpenoid_biosynthesis,
811,VIT_14s0060g00700,10,0.0048,Unknown,,,,
812,VIT_18s0001g07950,10,0.0048,Oligopeptide transporter 4,OPT4,,vv50125Porters_cat_66_to_94,
813,VIT_14s0068g01840,10,0.0048,Unknown protein,,,,
814,VIT_04s0008g02090,10,0.0048,Copper transporter 5,COPT5,,vv50101Channels_and_pores,
815,VIT_00s0411g00040,10,0.0048,Unknown,,,,
816,VIT_06s0009g00530,10,0.0048,ABC transporter G member 7,ABCG7,,vv52010ABC_transporters,
817,VIT_15s0045g01590,9,0.0044,Eceriferum 1 (CER1 protein) Sterol desaturase,,,,
818,VIT_07s0129g00530,9,0.0044,Hydrolase  alpha/beta fold family,,,,
819,VIT_08s0007g02730,9,0.0044,Secoisolariciresinol dehydrogenase,SIRD,,vv10940Phenylpropanoid_biosynthesis,
820,VIT_13s0067g01540,9,0.0044,Pollen Ole e 1 allergen and extensin,,,,
821,VIT_01s0150g00040,9,0.0044,Unknown protein,,,,
822,VIT_16s0022g01830,9,0.0043,YLS7 (yellow-leaf-specific gene 7),,,,
823,VIT_00s1406g00010,9,0.0043,Katanin p80 (WD repeat containing) subunit B 1,KATANINP80B1,,vv44810Regulation_of_actin_cytoskeleton,
824,VIT_01s0137g00320,9,0.0043,TEL1 (Terminal EAR1-like 1),TEL1,,vv44110Cell_cycle,
825,VIT_07s0141g00760,9,0.0043,Unknown protein,,,,
826,VIT_06s0009g02470,9,0.0043,Zinc finger (C2H2 type) family,C2H2FAM_48,,vv60017C2H2,
827,VIT_16s0022g00640,9,0.0043,BCL-2-associated athanogene 7 ATBAG7,,,,
828,VIT_00s0125g00060,9,0.0043,Unknown,,,,
829,VIT_00s0337g00010,9,0.0043,Salt tolerance protein 2,,,,
830,VIT_08s0007g08870,9,0.0043,Unknown,,,,
831,VIT_18s0041g02310,8,0.0039,No hit,,,,
832,VIT_15s0021g02870,8,0.0039,Elongation factor EF-G,K02355,,,
833,VIT_10s0116g01170<br>VIT_00s0342g00040<br>VIT_16s0039g00770,8,0.0039,
834,VIT_06s0004g06760,8,0.0038,NDA2 (alternative NAD(P)H dehydrogenase 2),K03885,,vv10190Oxidative_phosphorylation,vv50134Primary_active_transporter_cat_D1
835,VIT_05s0077g01920,8,0.0038,No hit,,,,
836,VIT_18s0072g00170,8,0.0038,BRI1 (brassinosteroid insensitive 1),BRI1,,vv30005Brassinosteroids_signaling,vv34626Plant-pathogen_interaction
837,VIT_00s1314g00010,7,0.0034,Basic helix-loop-helix (bHLH) family,BHLHDOM_89,,vv60011BHLH,
838,VIT_12s0035g00210,7,0.0034,MAPKKK19,,,,
839,VIT_19s0015g01010,7,0.0034,Farnesyl diphosphate synthase,E2_5_1_10,,vv10100Biosynthesis_of_steroids,vv10900Terpenoid_biosynthesis
840,VIT_02s0012g01540,7,0.0034,Zinc finger (C3HC4-type ring finger),ZFC3HC4_4,,vv60078Other_zf-C3HC4,
841,VIT_18s0166g00020,7,0.0034,RWP-RK domain-containing protein,RWPRKDOM_9,,vv60052RWP-RK,
842,VIT_05s0049g01170,7,0.0034,Unknown protein,,,,
843,VIT_00s0332g00140,7,0.0034,NADH dehydrogenase (ubiquinone) Fe-S protein 2,K03935,,vv10190Oxidative_phosphorylation,vv50134Primary_active_transporter_cat_D1
844,VIT_19s0015g02190,7,0.0034,WD-40 repeat family protein / beige-related,,,,
845,VIT_11s0016g03680,7,0.0034,Tesmin/TSO1-like CXC domain-containing,TSO1L_2,,vv60022CPP,
846,VIT_11s0016g05710,7,0.0034,UDP-glucuronic acid/UDP-N-acetylgalactosamine transporter,UDPGLUCUTR,,vv50122Porters_cat_7_to_17,
847,VIT_07s0104g01650,6,0.0029,HAK5 (High affinity K+ transporter 5),HAK5,,vv50125Porters_cat_66_to_94,
848,VIT_15s0046g00370,6,0.0029,Unknown protein,,,,
849,VIT_16s0148g00140,6,0.0029,Ser/Thr receptor-like kinase1,,,,
850,VIT_18s0041g00260,6,0.0029,R protein  PRF  disease resistance protein,K13453,,vv34627R_proteins_from_Plant-pathogen_interaction,
851,VIT_12s0057g00690,6,0.0029,Histidine kinase (AHK2),AHK2,,vv30007Cytokinin_signaling,
852,VIT_08s0032g00350,6,0.0029,No hit,,,,
853,VIT_12s0059g01960,6,0.0029,Unknown protein,,,,
854,VIT_11s0037g01230,6,0.0029,Basic helix-loop-helix (bHLH) family,BHLHDOM_32,,vv60011BHLH,
855,VIT_14s0006g03050,6,0.0029,Unknown protein,,,,
856,VIT_03s0017g01330,6,0.0029,1 4-dihydroxy-2-naphthoate octaprenyltransferase,K02548,,vv10130Ubiquinone_biosynthesis,
857,VIT_02s0012g00140,6,0.0029,Novel plant snare 11,K08494,,,
858,VIT_19s0090g01810,6,0.0029,Unknown,,,,
859,VIT_19s0015g00470,6,0.0029,Threonyl-tRNA synthetase,E6_1_1_3,,vv10260Glycine_serine_and_threonine_metabolism,vv20970Aminoacyl-tRNA_biosynthesis
860,VIT_03s0038g02750,6,0.0029,No hit,,,,
861,VIT_01s0026g02360,6,0.0029,NAC domain-containing protein 9,NAC009_2,VvNAC27,vv60046NAC,
862,VIT_06s0004g04680,6,0.0029,No hit,,,,
863,VIT_18s0075g00790,6,0.0029,Regulator of nonsense transcripts 3 UPF3,K14328,,vv23013RNA_transport,vv23015mRNA_surveillance_pathway
864,VIT_09s0002g02980,6,0.0029,FRK1 (FLG22-induced receptor-like kinase 1),FRK1,,vv34626Plant-pathogen_interaction,
865,VIT_06s0004g04450,6,0.0029,No hit,,,,
866,VIT_12s0028g01010,6,0.0029,Unknown,,,,
867,VIT_11s0016g01850,5,0.0024,Anthocyanidin-3-glucoside rhamnosyltransferase,RHATR,,vv10942Anthocyanin_biosynthesis,
868,VIT_03s0063g01990,4,0.0019,Ternary complex factor MIP1,,,,
869,VIT_19s0085g00130,4,0.0019,Unknown,,,,
870,VIT_09s0054g01330,4,0.0019,Beta-amyrin synthase,E5_4_99_BAS,,vv10900Terpenoid_biosynthesis,
871,VIT_09s0054g01820,4,0.0019,Indeterminate(ID)-domain 2,IDD2_3,,vv60017C2H2,
872,VIT_12s0059g02530,3,0.0015,fringe-related protein,K05948,,,
873,VIT_13s0047g00240,3,0.0015,Pectinesterase family,E3_1_1_11,,vv40006Cell_wall,
874,VIT_00s0267g00030,3,0.0015,Unknown,,,,
875,VIT_01s0011g05670,3,0.0015,Nudix hydrolase 18,,,,
876,VIT_08s0058g00350,3,0.0015,OAS high accumulation 1 OSH1,,,,
877,VIT_15s0021g00550,3,0.0015,No hit,,,,
878,VIT_08s0105g00160,3,0.0015,No hit,,,,
879,VIT_08s0007g02020,3,0.0015,Proton-dependent oligopeptide transport (POT) family protein,POT,,vv50122Porters_cat_7_to_17,
880,VIT_18s0001g13050,3,0.0015,Protein translocase Tic20,TIC20,,vv50133Primary_active_transporter_cat_A9_to_A18,
881,VIT_02s0025g03580,3,0.0015,DNA-binding family protein,,,,
882,VIT_13s0019g03190,3,0.0015,Zinc finger (C3HC4-type ring finger),ZFC3HC4_191,,vv60078Other_zf-C3HC4,
883,VIT_08s0007g06890,3,0.0015,Ribosomal protein L21 (RPL21A) 60S,K02888,,vv23010Ribosome,
884,VIT_16s0039g01330,3,0.0015,Receptor kinase homolog LRK10,,,,
885,VIT_08s0007g04070,3,0.0015,CYPLXXVIA2,,,,
886,VIT_18s0001g05030,3,0.0015,Glucan 1 3-beta-glucosidase precursor,E3_2_1_58,,vv10500Starch_and_sucrose_metabolism,
887,VIT_15s0021g01260,3,0.0015,Unknown,,,,
888,VIT_06s0004g05290,3,0.0015,No hit,,,,
889,VIT_15s0046g01490,3,0.0015,No hit,,,,
890,VIT_09s0002g05820,3,0.0015,Unknown,,,,
891,VIT_00s0532g00050,3,0.0015,Basic helix-loop-helix ILR3,ILR3_4,,vv11002Auxin_biosynthesis,vv60011BHLH
892,VIT_01s0011g02600,3,0.0015,No hit,,,,
893,VIT_19s0090g00450,3,0.0015,Unknown protein,,,,
894,VIT_10s0116g00990,3,0.0015,Pentatricopeptide (PPR) repeat-containing protein,,,,
895,VIT_00s0252g00040,3,0.0015,Cytokinin oxidase,E1_5_99_12,,vv10908Zeatin_biosynthesis,
896,VIT_14s0108g01680,3,0.0015,Sister chromatid cohesion 2,,,,
897,VIT_13s0019g04080,3,0.0015,Protein transport protein Sec61 subunit beta,K09481,,vv23060Protein_export,vv24141Protein_processing_in_endoplasmic_reticulum
898,VIT_02s0025g01050,3,0.0015,Ubiquitin-conjugating enzyme E2 D/E,K06689,,vv24120Ubiquitin_mediated_proteolysis,vv24141Protein_processing_in_endoplasmic_reticulum
899,VIT_06s0009g02170,3,0.0015,CRR2 (chlororespiratory reduction 2),,,,
900,VIT_00s0260g00060,3,0.0015,FK506-binding protein 2,K09569,,,
901,VIT_12s0134g00140,3,0.0015,R-linalool synthase,E4_2_3_26,,vv10900Terpenoid_biosynthesis,
902,VIT_15s0046g01450,3,0.0015,Alpha-L-fucosidase,E3_2_1_51,,vv10511N-Glycan_degradation,
903,VIT_06s0004g05280,3,0.0015,Tropinone reductase,E1_1_1_206,,vv10220Urea_cycle_and_metabolism_of_amino_groups,
904,VIT_04s0008g01640,3,0.0014,Ankyrin repeat,K10380,,vv50108Accessory_Factors_Involved_in_Transport,
905,VIT_15s0048g01240,3,0.0014,MADS-box protein AGL20,SOC1_3,,vv30009Flower_development,vv60042MADS
906,VIT_01s0011g02360,3,0.0014,Unknown,,,,
907,VIT_04s0023g00280,3,0.0014,Unknown protein,,,,
908,VIT_19s0090g01250,3,0.0014,Jasmonate O-methyltransferase,E2_1_1_141,,vv10592alpha-Linolenic_acid_metabolism,
909,VIT_13s0064g00940,3,0.0014,ferric reductase defective 3,FRD3,,vv50125Porters_cat_66_to_94,
910,VIT_14s0060g01430,3,0.0014,Unknown protein,,,,
911,VIT_05s0049g01860,3,0.0014,Receptor-like protein kinase,,,,
912,VIT_15s0046g02690,3,0.0014,Ribosomal protein L36 (RPL36C) 60S,K02919,,vv23010Ribosome,
913,VIT_05s0020g03170,3,0.0014,Lipoxygenase,E1_13_11_12,,vv10592alpha-Linolenic_acid_metabolism,
914,VIT_08s0007g04430,3,0.0014,Low expression of osmotically responsive genes 1,LOS4,,vv50133Primary_active_transporter_cat_A9_to_A18,
915,VIT_09s0002g06750,3,0.0014,ERF/AP2 transcription factor sub B-6 SHINE,SHINE1_1,VvERF042,vv30008Ethylene_signaling,vv60003AP2_EREBP
916,VIT_14s0171g00510,3,0.0014,Cell division cycle 48-interacting UBX-domain protein,PUX1,,vv44110Cell_cycle,
917,VIT_05s0029g00120,3,0.0014,No hit,,,,
918,VIT_06s0004g05170,3,0.0014,Lectin protein kinase,,,,
919,VIT_07s0031g02440,3,0.0014,Amino acid permease 3,AAP3,,vv50123Porters_cat_18_to_29,
920,VIT_18s0075g00950,3,0.0014,Laccase,E1_10_3_2,,vv11000Single_reactions,vv50109Incompletely_characterized_transport_systems
921,VIT_19s0014g03780,3,0.0014,Unknown protein,,,,
922,VIT_08s0007g02630,3,0.0014,Secoisolariciresinol dehydrogenase,SIRD,,vv10940Phenylpropanoid_biosynthesis,
923,VIT_14s0006g00740,3,0.0014,No hit,,,,
924,VIT_07s0191g00220,3,0.0014,Unknown protein,,,,
925,VIT_12s0142g00040,3,0.0014,Glycerol-3-phosphate acyltransferase 1 (AtGPAT1),E2_3_1_15,,vv10561Glycerolipid_metabolism,vv10564Glycerophospholipid_metabolism
926,VIT_19s0014g03310,3,0.0014,No hit,,,,
927,VIT_12s0059g02470,3,0.0014,Unknown protein,,,,
928,VIT_18s0001g07610,3,0.0014,EMB1674 (embryo defective 1674) kinase interacting family protein,EMB1674_1,,vv60087Orphans_KIP1_SANTA,
929,VIT_16s0013g01320,3,0.0014,Ser/Thr receptor-like kinase1,,,,
930,VIT_17s0000g06700,3,0.0014,No hit,,,,
931,VIT_00s0131g00260,3,0.0014,Annexin ANN4,ANN4,,vv50101Channels_and_pores,
932,VIT_13s0147g00080,3,0.0014,ATPase-like domain-containing,,,,
933,VIT_11s0016g04790,3,0.0014,No hit,,,,
934,VIT_15s0048g01250,3,0.0014,MADS-box protein AGL20,SOC1_1,,vv30009Flower_development,vv60042MADS
935,VIT_18s0001g04630,3,0.0014,Aspartate aminotransferase,E2_6_1_1,vv10710Carbon_fixation,vv10252Alanine_and_aspartate_metabolism,vv10272Cysteine_metabolism
936,VIT_03s0038g00640,3,0.0014,Unknown,,,,
