Vv_m2,2000,1000,VIT_09s0002g03140
rank,node,Fabs,Frel,Functional-annotation,Name-EC-KeggID,Updated-name,Network1,Network2
1,VIT_09s0002g03050,2082,1.0000,Lipase GDSL,,,,
2,VIT_03s0063g01880,2064,1.0000,Acyl-CoA synthetase long-chain member 2,E6_2_1_3_LACS2,,vv10071Fatty_acid_metabolism,vv44146Peroxisome
3,VIT_02s0025g02620,2063,1.0000,BDG1 (BODYGUARD1) hydrolase,,,,
4,VIT_03s0038g01830,2055,1.0000,Proline-rich protein 4,,,,
5,VIT_04s0008g05440,2056,0.9937,Ethylene-responsive transcription factor SHINE 3,SHINE3_1,VvERF044,vv30008Ethylene_signaling,vv60003AP2_EREBP
6,VIT_03s0038g01410,2049,0.9937,Aquaporin PIP PIP1A,PIP1A,,vv50101Channels_and_pores,
7,VIT_18s0122g01280,2061,0.9933,Niemann-Pick C1 protein precursor,NPC1,,vv50121Porters_cat_1_to_6,
8,VIT_04s0008g03950,2040,0.9922,RD22,,,,
9,VIT_01s0026g00570,2046,0.9913,Bet v I allergen,,,,
10,VIT_10s0003g00620,2051,0.9899,Lipase GDSL,,,,
11,VIT_19s0090g00710,2038,0.9888,No hit,,,,
12,VIT_18s0001g11120,2038,0.9879,Ternary complex factor MIP1,,,,
13,VIT_06s0080g00760,2035,0.9859,Unknown protein,,,,
14,VIT_11s0016g04540,2028,0.9840,ABC transporter G member 22,ABCG22,,vv52010ABC_transporters,
15,VIT_02s0025g01190,2034,0.9779,Extra-large G-protein (XLG1),,,,
16,VIT_12s0059g01590,2033,0.9769,Lipase GDSL,,,,
17,VIT_15s0046g02410,2008,0.9738,Aquaporin TMP-C,TMPC,,vv50101Channels_and_pores,
18,VIT_12s0059g01830,1998,0.9718,Unknown,,,,
19,VIT_18s0001g14660,1984,0.9650,P-glycoprotein 13,PGP13,,vv52010ABC_transporters,
20,VIT_17s0000g10060,1993,0.9642,Lipase GDSL,,,,
21,VIT_07s0005g01670,1988,0.9636,No hit,,,,
22,VIT_01s0137g00410,1991,0.9618,CYP86A2,,,,
23,VIT_08s0007g02000,1994,0.9596,Glycerol-3-phosphate acyltransferase 8,E2_3_1_15,,vv10561Glycerolipid_metabolism,vv10564Glycerophospholipid_metabolism
24,VIT_10s0003g05420,1984,0.9589,S-2-hydroxy-acid oxidase  peroxisomal,E1_1_3_15,,vv10630Glyoxylate_and_dicarboxylate_metabolism,
25,VIT_03s0088g01150,1981,0.9565,Squalene monooxygenase,E1_14_99_7,,vv10100Biosynthesis_of_steroids,vv10900Terpenoid_biosynthesis
26,VIT_13s0067g00730,1977,0.9532,Carboxylic ester hydrolase,E3_1_1_1,,,
27,VIT_16s0050g00830,1971,0.9508,Beta-ketoacyl-CoA synthase,E2_3_1_41,,vv10061Fatty_acid_biosynthesis,
28,VIT_07s0031g01680,1962,0.9492,CYP86A1,,,,
29,VIT_11s0016g00330,1945,0.9469,Pectinesterase family,E3_1_1_11,,vv40006Cell_wall,
30,VIT_13s0074g00390,1951,0.9430,CYP77A2,,,,
31,VIT_02s0025g03320,1946,0.9415,CYP86A2,,,,
32,VIT_05s0102g00370,1929,0.9341,Receptor protein kinase (ACR4),,,,
33,VIT_02s0012g01660,1938,0.9326,ATPase PGP2 (P-glycoprotein 2),PGP2,,vv52010ABC_transporters,
34,VIT_00s0399g00020,1916,0.9269,Protease inhibitor/seed storage/lipid transfer protein (LTP),,,,
35,VIT_04s0043g00560,1897,0.9103,DD1A protein,,,,
36,VIT_02s0025g04550,1881,0.9091,Glucose-methanol-choline (GMC) oxidoreductase,E1_1_99_1,,vv10260Glycine_serine_and_threonine_metabolism,
37,VIT_09s0002g03130,1866,0.9058,FRK1 (FLG22-induced receptor-like kinase 1),FRK1,,vv34626Plant-pathogen_interaction,
38,VIT_14s0066g01790,1840,0.8958,GASA like,GASAL,,vv30010Gibberellin_signaling,
39,VIT_02s0025g04410,1848,0.8889,Beta-ketoacyl-CoA synthase,E2_3_1_41,,vv10061Fatty_acid_biosynthesis,
40,VIT_00s0225g00070,1832,0.8872,MATE efflux family protein,MATE,,vv50125Porters_cat_66_to_94,
41,VIT_10s0003g02120,1820,0.8865,Lipase GDSL,,,,
42,VIT_13s0019g01260,1804,0.8753,Enoyl reductase,K10258,,vv11040Biosynthesis_of_unsaturated_fatty_acids,
43,VIT_03s0038g04500,1793,0.8729,Bifunctional dihydrofolate reductase-thymidylate synthase 1,K13998,,vv10240Pyrimidine_metabolism,vv10670One_carbon_pool_by_folate
44,VIT_00s0207g00010,1804,0.8673,Anthranilate N-benzoyltransferase protein 1,E2_3_1_144,,vv10400Phenylalanine_tyrosine_and_tryptophan_biosynthesis,
45,VIT_18s0072g00580<br>VIT_11s0065g00040,1760,0.8548,
46,VIT_15s0046g01640,1763,0.8525,Abl interactor protein 1 (ABIL1),,,,
47,VIT_19s0014g04090<br>VIT_10s0071g00450<br>VIT_10s0071g00440<br>VIT_19s0015g02410<br>VIT_19s0014g04160,1752,0.8468,
48,VIT_00s0313g00040,1737,0.8424,PAS2 (PASTICCINO 2),K10703,,vv11040Biosynthesis_of_unsaturated_fatty_acids,
49,VIT_06s0004g06960,1738,0.8408,BCL2 binding anthogene,,,,
50,VIT_13s0019g00410,1738,0.8384,No hit,,,,
51,VIT_14s0066g00400,1709,0.8280,Chalcone isomerase,E5_5_1_6,,vv10941Flavonoid_biosynthesis,
52,VIT_18s0001g13080,1721,0.8274,Unknown protein,,,,
53,VIT_14s0006g02530,1713,0.8259,Non-specific lipid-transfer protein 2 (LTP 2),,,,
54,VIT_13s0067g01180,1687,0.8158,Leaf senescence related,,,,
55,VIT_10s0003g00600,1684,0.8151,Lipase GDSL,,,,
56,VIT_08s0040g02250,1678,0.8110,No hit,,,,
57,VIT_18s0001g10120,1668,0.8093,SPla/RYanodine receptor (SPRY) domain-containing protein,,,,
58,VIT_18s0001g14910,1670,0.8075,Mannitol dehydrogenase,E1_1_1_67,,vv10051Fructose_and_mannose_metabolism,
59,VIT_11s0065g00170,1670,0.8064,Squamosa promoter-binding protein 2 (SPL2),SPL2_3,,vv60055SBP,
60,VIT_17s0000g02230,1657,0.8044,Jasmonate ZIM domain-containing protein 3,JAZ3_2,,vv30011Jasmonate_signaling,vv34626Plant-pathogen_interaction
61,VIT_13s0019g05290,1638,0.7955,Acyl-CoA binding,,,,
62,VIT_09s0002g02220,1643,0.7953,Protein kinase CDG1,,,,
63,VIT_01s0011g05110,1650,0.7952,Major latex protein 22,,,,
64,VIT_16s0039g00010,1640,0.7946,ABC transporter G member 7,ABCG7,,vv52010ABC_transporters,
65,VIT_08s0007g09000,1637,0.7897,Glycerol-3-phosphate dehydrogenase,E1_1_1_8,,vv10564Glycerophospholipid_metabolism,
66,VIT_17s0000g00130,1622,0.7870,SEC14 cytosolic factor,SEC14,,vv50122Porters_cat_7_to_17,
67,VIT_08s0007g02700,1614,0.7850,Secoisolariciresinol dehydrogenase,SIRD,,vv10940Phenylpropanoid_biosynthesis,
68,VIT_04s0008g02250,1622,0.7824,Beta-ketoacyl-CoA synthase,E2_3_1_41,,vv10061Fatty_acid_biosynthesis,
69,VIT_04s0023g02810,1628,0.7812,Aldehyde dehydrogenase 3B1,E1_2_1_3,vv10561Glycerolipid_metabolism,vv10010Glycolysis,vv10071Fatty_acid_metabolism
70,VIT_13s0067g00400,1617,0.7793,Anthranilate synthase alpha 1,E4_1_3_27,,vv10400Phenylalanine_tyrosine_and_tryptophan_biosynthesis,
71,VIT_18s0072g01000,1607,0.7771,Dihydrolipoamide S-acetyltransferase,E2_3_1_12,,vv10010Glycolysis,vv10252Alanine_and_aspartate_metabolism
72,VIT_04s0008g00860,1579,0.7669,Ndr family protein,,,,
73,VIT_04s0044g00990,1556,0.7594,PGSIP1 (Plant glycogenin-like starch initiation protein 1),,,,
74,VIT_06s0061g00230,1567,0.7588,ABC transporter G member 7,ABCG7,,vv52010ABC_transporters,
75,VIT_00s0361g00090,1571,0.7586,Phototropic-responsive NPH3 protein,,,,
76,VIT_18s0122g00590,1571,0.7546,DNA-binding protein,,,,
77,VIT_15s0046g03240,1550,0.7524,Unknown protein,,,,
78,VIT_06s0061g00240,1543,0.7436,ABC transporter G member 7,ABCG7,,vv52010ABC_transporters,
79,VIT_00s1314g00010,1540,0.7425,Basic helix-loop-helix (bHLH) family,BHLHDOM_89,,vv60011BHLH,
80,VIT_16s0100g00670,1530,0.7406,Homeodomain GLABROUS1,HDG1_2,VvHB55,vv60034HB,
81,VIT_08s0007g06680,1525,0.7364,PMR5 (powdery mildew resistant 5),,,,
82,VIT_02s0012g01680,1515,0.7351,Trehalose phosphatase 5,E3_1_3_12,,vv10500Starch_and_sucrose_metabolism,
83,VIT_19s0015g02690,1477,0.7180,Glutathione S-transferase 25 GSTU25,E2_5_1_18_GSTU25,,vv10480Glutathione_metabolism,
84,VIT_08s0040g03400,1490,0.7177,Short-chain dehydrogenase/reductase,,,,
85,VIT_14s0108g01020,1459,0.7072,Alpha-expansin 1 precursor,EXPA1,,vv30003Auxin_signaling,
86,VIT_05s0077g01670,1469,0.7066,Major cherry allergen Pru av 1.0202,,,,
87,VIT_17s0000g09270,1465,0.7053,MATE efflux family protein,MATE,,vv50125Porters_cat_66_to_94,
88,VIT_02s0012g00180,1439,0.6952,Serine protease,,,,
89,VIT_19s0085g00660,1431,0.6943,No hit,,,,
90,VIT_06s0004g07920,1437,0.6915,WNK5 (Arabidopsis WNK kinase 5),,,,
91,VIT_01s0010g03540,1418,0.6870,Microtubule associated protein (MAP65-6),MAP656,,vv44810Regulation_of_actin_cytoskeleton,
92,VIT_08s0058g01210,1416,0.6857,Non-specific lipid transfer protein LTP1,LTP1,,,
93,VIT_02s0033g01020,1409,0.6840,Anthraniloyal-CoA: methanol anthraniloyal transferase,AMAT,,vv10400Phenylalanine_tyrosine_and_tryptophan_biosynthesis,
94,VIT_13s0019g04260,1411,0.6813,Monoglyceride lipase,E3_1_1_23,,vv10561Glycerolipid_metabolism,
95,VIT_18s0001g11160,1411,0.6807,Unknown protein,,,,
96,VIT_00s0532g00070,1396,0.6757,CRK10 (cysteine-rich RLK10); kinase,,,,
97,VIT_07s0104g01410,1390,0.6708,OTU cysteine protease,,,,
98,VIT_12s0028g01850,1377,0.6639,Receptor kinase TRKe,,,,
99,VIT_09s0054g01220,1374,0.6631,Cycloartenol synthase,E5_4_99_8,,vv10100Biosynthesis_of_steroids,
100,VIT_14s0108g00150,1352,0.6531,Calmodulin-binding region IQD28,IQD28,,,
101,VIT_14s0066g00300,1345,0.6501,Unknown,,,,
102,VIT_17s0000g10260,1339,0.6494,AarF domain containing kinase,K08869,,,
103,VIT_09s0002g02170,1340,0.6433,No hit,,,,
104,VIT_04s0044g00190,1330,0.6416,Mannitol dehydrogenase,E1_1_1_67,,vv10051Fructose_and_mannose_metabolism,
105,VIT_14s0068g00260,1314,0.6407,Serine carboxypeptidase S10,,,,
106,VIT_14s0128g00160,1310,0.6359,Protein kinase CDG1,,,,
107,VIT_15s0046g00500,1310,0.6332,Wax synthase,E2_3_1_75,,vv11000Single_reactions,
108,VIT_14s0108g00740,1298,0.6295,GASA4,GASA4,,vv30010Gibberellin_signaling,
109,VIT_13s0106g00250,1301,0.6288,Carboxylic ester hydrolase,E3_1_1_1,,,
110,VIT_15s0048g01990,1288,0.6280,Methyltransferase dehydration-responsive,,,,
111,VIT_06s0009g00480,1284,0.6218,Aluminium-tolerance ALMT1,ALMT1,,vv50125Porters_cat_66_to_94,
112,VIT_08s0040g02820,1279,0.6209,Unknown protein,,,,
113,VIT_13s0067g02390,1289,0.6206,Unknown,,,,
114,VIT_11s0065g00360,1270,0.6138,Acetyl-CoA carboxylase  biotin carboxylase subunit (CAC2),E6_4_1_2,,vv10061Fatty_acid_biosynthesis,vv10620Pyruvate_metabolism
115,VIT_15s0021g01350,1262,0.6108,Transducin family protein / WD-40 repeat,,,,
116,VIT_04s0023g03370,1263,0.6104,Flavonone- 3-hydroxylase,E1_14_11_9,,vv10941Flavonoid_biosynthesis,
117,VIT_14s0006g02990,1245,0.6061,3-ketoacyl-CoA synthase,,,,
118,VIT_09s0054g01210,1261,0.6060,Beta-amyrin synthase,E5_4_99_BAS,,vv10900Terpenoid_biosynthesis,
119,VIT_11s0016g04160,1236,0.5980,Sulfate transporter 3.5,SULTR3_5,,vv50124Porters_cat_30_to_64,
120,VIT_17s0000g02700,1222,0.5970,Alpha-dioxygenase 2,K10529,,vv10592alpha-Linolenic_acid_metabolism,
121,VIT_09s0018g01650,1231,0.5927,Wrinkled1 (AP2/ERBP),WRINKLED1_1,VvAP2-06,vv30008Ethylene_signaling,vv60003AP2_EREBP
122,VIT_00s0413g00010,1223,0.5905,Laccase (diphenol oxidase) family protein,E1_10_3_2,,vv11000Single_reactions,vv50109Incompletely_characterized_transport_systems
123,VIT_14s0068g00040,1221,0.5899,No hit,,,,
124,VIT_11s0037g01210,1226,0.5894,Eceriferum 1 (CER1 protein) Sterol desaturase,,,,
125,VIT_00s0531g00030,1217,0.5893,C2 domain containing protein,,,,
126,VIT_13s0067g03890,1212,0.5855,Beta-ketoacyl-CoA synthase,E2_3_1_41,,vv10061Fatty_acid_biosynthesis,
127,VIT_18s0041g00100,1191,0.5768,Unknown protein,,,,
128,VIT_09s0002g06750,1186,0.5743,ERF/AP2 transcription factor sub B-6 SHINE,SHINE1_1,VvERF042,vv30008Ethylene_signaling,vv60003AP2_EREBP
129,VIT_12s0057g01060,1183,0.5721,Jasmonate O-methyltransferase,E2_1_1_141,,vv10592alpha-Linolenic_acid_metabolism,
130,VIT_11s0065g00130,1171,0.5707,Taxane 10-beta-hydroxylase,E1_14_13_76,,vv10904Diterpenoid_biosynthesis,
131,VIT_13s0064g01660,1174,0.5685,Prunasin hydrolase isoform PHA precursor,E3_2_1_118,,vv10460Cyanoamino_acid_metabolism,
132,VIT_18s0001g05790,1144,0.5519,Unknown protein,,,,
133,VIT_14s0060g02330,1126,0.5427,Actin binding formin homology 1,FH2,,vv44810Regulation_of_actin_cytoskeleton,
134,VIT_14s0030g01950,1113,0.5366,Transferase,,,,
135,VIT_13s0067g02910,1099,0.5319,Non-specific lipid-transfer protein,,,,
136,VIT_03s0063g01560,1086,0.5305,CYP82C1p,,,,
137,VIT_15s0046g02400,1099,0.5289,Glycerol-3-phosphate acyltransferase 8,E2_3_1_15,,vv10561Glycerolipid_metabolism,vv10564Glycerophospholipid_metabolism
138,VIT_00s0194g00220,1084,0.5270,Unknown,,,,
139,VIT_11s0016g01320,1089,0.5253,Myb domain protein 13,MYB13,MYBPA2,vv60044MYB,
140,VIT_18s0001g11100,1081,0.5225,Serine carboxypeptidase,,,,
141,VIT_08s0007g07240,1091,0.5220,Armadillo helical,,,,
142,VIT_05s0020g04850,1073,0.5211,H1flk,,,,
143,VIT_14s0060g00900,1079,0.5190,Unknown protein,,,,
144,VIT_17s0000g02010,1074,0.5188,Atypical receptor kinase MARK,,,,
145,VIT_14s0060g01850,1075,0.5188,Unknown,,,,
146,VIT_05s0062g01140,1072,0.5181,Aromatic and neutral transporter 1,ANT1,,vv50123Porters_cat_18_to_29,
147,VIT_01s0011g05140,1046,0.5024,Major latex-like protein ripening protein [grip61],,,,
148,VIT_04s0008g03600,1028,0.4961,Tocopherol cyclase,K09834,,vv10100Biosynthesis_of_steroids,
149,VIT_15s0021g00060,1012,0.4894,Eceriferum 1 (CER1 protein) Sterol desaturase,,,,
150,VIT_13s0019g04460,1011,0.4877,Phenylalanine ammonia-lyase 2 (PAL2),E4_3_1_5,,vv10350Tyrosine_metabolism,vv10360Phenylalanine_metabolism
151,VIT_14s0030g00730,1009,0.4877,Vesicle-associated membrane protein 27 VAP27-2,VAP27_2,,vv50109Incompletely_characterized_transport_systems,
152,VIT_18s0001g02720,1006,0.4867,fatty acid elongation1 (FAE1),,,,
153,VIT_18s0001g14390,1002,0.4866,Transducin protein,,,,
154,VIT_01s0026g01140,1007,0.4862,ZCW32 (BIGPETAL  BIGPETALUB),ZCW32_2,,vv60011BHLH,
155,VIT_14s0128g00210,992,0.4781,Xyloglucanase inhibitor,,,,
156,VIT_02s0025g03140,978,0.4738,Nodulin MtN21 family,MTN21,,vv50122Porters_cat_7_to_17,
157,VIT_14s0108g00510,976,0.4738,Nucleosome assembly protein (NAP-related) NRP2,,,,
158,VIT_12s0059g02310,967,0.4678,PDF2 (protodermal factor2),PDF2_4,VvHB44,vv60034HB,
159,VIT_11s0016g05340,962,0.4636,Ethylene-responsive transcription factor SHINE 3,SHINE3_2,VvERF043,vv30008Ethylene_signaling,vv60003AP2_EREBP
160,VIT_03s0038g01960,950,0.4600,Proline-rich family protein,,,,
161,VIT_17s0000g03150,958,0.4588,No hit,,,,
162,VIT_11s0037g00320,956,0.4587,Serine carboxypeptidase S10,,,,
163,VIT_14s0066g02120,946,0.4563,Photosystem I P700 apoprotein A1 [Vitis vinifera],K02689,,vv10195Photosynthesis,vv50105Transport_electron_carriers
164,VIT_05s0020g03130,941,0.4557,Plastocyanin domain-containing protein,K02638,,vv10195Photosynthesis,vv50113Thylakoid_targeting_pathway
165,VIT_18s0001g09920,941,0.4550,Cyclin delta-3 (CYCD3_1),CYCD3,,vv30007Cytokinin_signaling,vv44110Cell_cycle
166,VIT_06s0004g06090,939,0.4547,Diphenol oxidase,E1_10_3_1,,vv10350Tyrosine_metabolism,vv50109Incompletely_characterized_transport_systems
167,VIT_10s0116g00360,941,0.4535,Pyrophosphate-dependent phosphofructokinase beta subunit,E2_7_1_11,,vv10010Glycolysis,vv10030Pentose_phosphate
168,VIT_09s0002g04170,924,0.4481,Acyl-CoA synthetases (Acyl-activating enzyme 13),E6_2_1_3,,vv10071Fatty_acid_metabolism,vv50104Group_translocators
169,VIT_01s0011g05200,928,0.4466,Phosphoethanolamine N-methyltransferase 1,E2_1_1_103,,vv10564Glycerophospholipid_metabolism,
170,VIT_12s0034g01140,919,0.4450,Plastocyanin domain-containing protein,K02638,,vv10195Photosynthesis,vv50113Thylakoid_targeting_pathway
171,VIT_15s0046g01820,916,0.4417,Ring-H2 finger B1A,RHB1A,,vv60078Other_zf-C3HC4,
172,VIT_19s0014g04900,911,0.4412,(-)-germacrene D synthase,E4_2_3_22,,vv10900Terpenoid_biosynthesis,
173,VIT_14s0219g00280,900,0.4354,Glycerol-3-phosphate dehydrogenase (NAD+),E1_1_1_8,,vv10564Glycerophospholipid_metabolism,
174,VIT_07s0005g01790,906,0.4354,Acyl-CoA synthetase long-chain member 2,E6_2_1_3_LACS2,,vv10071Fatty_acid_metabolism,vv44146Peroxisome
175,VIT_14s0083g01150,892,0.4320,COBRA protein,COBRA,,vv40006Cell_wall,
176,VIT_07s0005g06000,894,0.4313,Pore-forming toxin-like protein Hfr-2,HFR2,,vv50101Channels_and_pores,
177,VIT_06s0009g01410,882,0.4277,No hit,,,,
178,VIT_04s0023g01170,869,0.4202,Unknown protein,,,,
179,VIT_07s0031g01670,869,0.4196,CYP96A10,,,,
180,VIT_18s0001g08110,856,0.4131,Glutamyl-tRNA reductase  chloroplast precursor,E1_2_1_70,,vv10860Porphyrin_and_chlorophyll_metabolism,
181,VIT_00s0286g00130,848,0.4095,S-locus lectin protein kinase,,,,
182,VIT_18s0089g00510,843,0.4065,Isopentenyltransferase 1,E2_5_1_27,,vv10908Zeatin_biosynthesis,
183,VIT_05s0102g00270,835,0.4016,Cyclin-related,CYCREL,,vv44110Cell_cycle,
184,VIT_14s0068g00930,829,0.4001,Chalcone synthase,E2_3_1_74,,vv10941Flavonoid_biosynthesis,
185,VIT_12s0059g00190,816,0.3965,Beta-expansin (EXPB3),EXPB3,,vv30003Auxin_signaling,
186,VIT_14s0066g02640,816,0.3934,No hit,,,,
187,VIT_03s0088g00260,793,0.3842,Serine carboxypeptidase S10,,,,
188,VIT_00s0361g00040,789,0.3819,Anthocyanidin reductase,E1_3_1_77,,vv10941Flavonoid_biosynthesis,
189,VIT_04s0008g02520,789,0.3810,ATP binding protein,,,,
190,VIT_14s0060g01810,777,0.3763,Unknown protein,,,,
191,VIT_02s0087g00470,774,0.3730,Anthraniloyal-CoA: methanol anthraniloyal transferase,AMAT,,vv10400Phenylalanine_tyrosine_and_tryptophan_biosynthesis,
192,VIT_04s0023g02840,769,0.3729,Leucine-rich repeat disease resistance protein,,,,
193,VIT_06s0061g01290,763,0.3693,No hit,,,,
194,VIT_00s0415g00020,768,0.3678,Endoribonuclease E-like protein,,,,
195,VIT_14s0060g01940,749,0.3632,Epoxide hydrolase,E3_3_2_10,,,
196,VIT_01s0011g01070,749,0.3608,No hit,,,,
197,VIT_14s0060g01090,735,0.3587,LNG1 (LONGIFOLIA1),,,,
198,VIT_14s0068g00170,740,0.3587,No hit,,,,
199,VIT_04s0008g03480,734,0.3556,Beta-carotene 15 15'-monooxygenase,E1_14_99_36,,vv10906Carotenoid_biosynthesis,
200,VIT_09s0054g00690,737,0.3548,Vacuolar processing enzyme alpha,,,,
201,VIT_10s0116g00680,730,0.3533,PDF2 (protodermal factor2),PDF2_2,VvHB35,vv60034HB,
202,VIT_05s0049g01200,723,0.3493,S-locus lectin protein kinase,,,,
203,VIT_04s0023g03710,715,0.3452,Myb domain protein 4,MYB4_1,MYB4B,vv60044MYB,
204,VIT_06s0004g07220,709,0.3430,Indole-3-acetate beta-glucosyltransferase,E2_4_1_121,,vv11002Auxin_biosynthesis,
205,VIT_18s0001g00560,705,0.3422,Alpha-amylase / 1 4-alpha-D-glucan glucanohydrolase,E3_2_1_1,,vv10500Starch_and_sucrose_metabolism,
206,VIT_08s0056g00800,706,0.3412,Myb domain protein 60,MYB60,MYB60,vv60044MYB,
207,VIT_14s0060g00680,706,0.3406,Lipase GDSL,,,,
208,VIT_18s0001g05470,704,0.3398,(-)-germacrene D synthase,E4_2_3_22,,vv10900Terpenoid_biosynthesis,
209,VIT_11s0016g00290,689,0.3348,Pectinesterase PME3,E3_1_1_11,,vv40006Cell_wall,
210,VIT_00s0384g00020,695,0.3332,Basic helix-loop-helix (bHLH) family,BHLHDOM_93,,vv60011BHLH,
211,VIT_17s0000g03750,680,0.3298,Chitin elicitor-binding CEBIP LysM domain-containing,K13473,,vv34626Plant-pathogen_interaction,
212,VIT_05s0077g00530,675,0.3264,Unknown protein,,,,
213,VIT_01s0137g00510,668,0.3249,CYP71B10,CYP71B10,,vv10940Phenylpropanoid_biosynthesis,
214,VIT_17s0000g06280,666,0.3238,Geranylgeranyl reductase,CHLP,,vv10100Biosynthesis_of_steroids,
215,VIT_03s0110g00100,664,0.3211,CYP86A8,,,,
216,VIT_03s0063g00010,661,0.3203,LRX2 (leucine-rich repeat/extensin 2),EXTENSIN,,vv40006Cell_wall,
217,VIT_09s0054g01370,664,0.3192,Beta-amyrin synthase,E5_4_99_BAS,,vv10900Terpenoid_biosynthesis,
218,VIT_16s0098g01890,644,0.3116,Phosphatidylinositol 3- and 4-kinase / ubiquitin,,,,
219,VIT_04s0008g02920,643,0.3115,Desiccation protein PCC13-62 precursor,,,,
220,VIT_07s0255g00060,644,0.3111,Prolyl oligopeptidase family,,,,
221,VIT_09s0096g00950,638,0.3090,No hit,,,,
222,VIT_08s0007g00530,638,0.3085,3-beta hydroxysteroid dehydrogenase/isomerase protein,E1_1_1_145,,vv10140C21-Steroid_hormone_metabolism,
223,VIT_10s0003g01010,631,0.3037,Lipase GDSL,,,,
224,VIT_19s0090g00280,626,0.3027,RNA-binding protein 45 (RBP45),RBP45,,vv50133Primary_active_transporter_cat_A9_to_A18,
225,VIT_12s0055g00810,625,0.3027,Cationic peroxidase,E1_11_1_7,,vv10360Phenylalanine_metabolism,vv10680Methane_metabolism
226,VIT_10s0116g01040,626,0.3014,Stigma-specific Stig1,,,,
227,VIT_02s0087g00630,625,0.3005,Alcohol oxidase,E1_1_3_13,,vv10680Methane_metabolism,
228,VIT_18s0001g12680,616,0.2983,Unknown protein,,,,
229,VIT_06s0004g02190,610,0.2960,Armadillo/beta-catenin repeat,,,,
230,VIT_10s0003g03190,601,0.2920,RNA recognition motif (RRM)-containing,,,,
231,VIT_12s0028g02590,604,0.2909,BZIP transcription factor,BZIPDOM_18,VvbZIP29,vv60012BZIP,
232,VIT_07s0031g00320,600,0.2901,Curly leaf PHCLF1,CLF1_1,,vv30009Flower_development,vv60056SET_PCG
233,VIT_14s0006g02290,599,0.2895,DREB sub A-4 of ERF/AP2 transcription factor,TINY_2,VvERF028,vv30008Ethylene_signaling,vv60003AP2_EREBP
234,VIT_18s0001g07640,587,0.2870,Eceriferum 2 (CER2),,,,
235,VIT_17s0000g03910,591,0.2869,flavonoid 3-monooxygenase,E1_14_13_21,,vv10941Flavonoid_biosynthesis,
236,VIT_14s0128g00510<br>VIT_14s0128g00550,587,0.2854,
237,VIT_09s0002g08590,589,0.2843,Pentatricopeptide (PPR) repeat-containing protein,,,,
238,VIT_14s0066g02270,588,0.2838,Endonuclease/exonuclease/phosphatase family protein,E3_1_30_x,,,
239,VIT_04s0023g01300,583,0.2823,Aminopeptidase P,E3_4_11_9,,,
240,VIT_15s0046g02300,583,0.2814,Beta-cyanoalanine synthase,E2_5_1_47,,vv10272Cysteine_metabolism,vv10450Selenoamino_acid_metabolism
241,VIT_00s0762g00030,576,0.2797,S-locus lectin protein kinase,,,,
242,VIT_10s0003g02280,573,0.2767,SRG1 (senescence-related gene 1) oxidoreductase,,,,
243,VIT_05s0049g00010,569,0.2747,Cellulose synthase CSLG2,E2_4_1_12_CSLG2,,vv40006Cell_wall,
244,VIT_18s0001g07490,566,0.2734,Auxin-independent growth promoter,AXI1,,vv30003Auxin_signaling,
245,VIT_08s0007g08380,559,0.2725,Cellulose synthase CESA3,E2_4_1_12_CESA3,,vv30011Jasmonate_signaling,vv40006Cell_wall
246,VIT_13s0074g00500,563,0.2725,Cellulose synthase CSLA09,E2_4_1_12_CSLA09,,vv40006Cell_wall,
247,VIT_06s0004g02640,565,0.2722,Receptor protein kinase PERK1,,,,
248,VIT_07s0005g00410,560,0.2707,Glycosyl hydrolase family 1 protein,,,,
249,VIT_01s0146g00280,564,0.2705,NAC domain-containing protein 83,NAC083_4,VvNAC01,vv60046NAC,
250,VIT_12s0059g00690,556,0.2673,2-alkenal reductase,E1_3_1_74,,,
251,VIT_03s0038g02380,549,0.2653,RAC G-protein Rac1,RAC1,,vv34020Calcium_signaling_pathway,
252,VIT_16s0039g02270,549,0.2650,Unknown protein,,,,
253,VIT_06s0004g07970,544,0.2642,Alpha-expansin 10 precursor,EXPA10,,vv30003Auxin_signaling,
254,VIT_03s0063g01450,544,0.2638,VRN1 (reduced vernalization response 1),VRN1_1,,vv30009Flower_development,vv60001ABI3VP1
255,VIT_05s0049g00480,540,0.2623,Zinc finger (C3HC4-type ring finger),ZFC3HC4_65,,vv60078Other_zf-C3HC4,
256,VIT_19s0014g00020,542,0.2618,ATP-dependent Clp protease ATP-binding subunit (ClpA),K03694,,vv50109Incompletely_characterized_transport_systems,
257,VIT_12s0059g00230,536,0.2608,Epoxide hydrolase 2,E3_3_2_10,,,
258,VIT_08s0007g00700,538,0.2600,PCS1 (promotion of cell survival1) peptidase,,,,
259,VIT_06s0009g01420,537,0.2594,Protease inhibitor/seed storage/lipid transfer protein (LTP),,,,
260,VIT_13s0067g01930,533,0.2589,Unknown protein,,,,
261,VIT_19s0014g02450,524,0.2539,ALF5 (Aberrant lateral root formation 5),ALF5,,vv50125Porters_cat_66_to_94,
262,VIT_05s0020g01820,517,0.2513,Integral membrane family protein UPF0497,,,,
263,VIT_17s0053g00590,515,0.2488,Kinase interacting protein,,,,
264,VIT_00s0207g00120,511,0.2475,Ternary complex factor MIP1,,,,
265,VIT_01s0026g02120,512,0.2469,Microtubule end binding protein 1 (EB1),K10436,,vv44810Regulation_of_actin_cytoskeleton,
266,VIT_18s0001g15230,511,0.2466,Unknown,,,,
267,VIT_13s0019g01940,504,0.2451,Laccase,E1_10_3_2,,vv11000Single_reactions,vv50109Incompletely_characterized_transport_systems
268,VIT_18s0001g06640,505,0.2449,Zinc finger (C3HC4-type ring finger),ZFC3HC4_60,,vv60078Other_zf-C3HC4,
269,VIT_03s0017g00710,501,0.2427,flavonol synthase,E1_14_11_23,,vv10941Flavonoid_biosynthesis,
270,VIT_04s0069g01120,500,0.2417,Acyl-activating enzyme 7,E6_2_1_3,,vv10071Fatty_acid_metabolism,vv50104Group_translocators
271,VIT_19s0015g02610,489,0.2367,Glutathione S-transferase 25 GSTU25,E2_5_1_18_GSTU25,,vv10480Glutathione_metabolism,
272,VIT_14s0068g01540,489,0.2366,PBS1 (avrPphB susceptible 1),K13430,,vv34626Plant-pathogen_interaction,
273,VIT_12s0055g01140,484,0.2321,Lipid transfer protein,LTP,,,
274,VIT_01s0010g01870,477,0.2312,Salicylic acid-induced fragment 1 protein,,,,
275,VIT_06s0004g01750,476,0.2294,Polygalacturonase inhibitor protein,PGIP,,,
276,VIT_19s0014g04690,470,0.2279,Indole-3-acetic acid-amido synthetase,AUXINBIOSYNTHESIS_GH3,,vv11002Auxin_biosynthesis,
277,VIT_09s0002g03880,475,0.2273,Cell division protein FtsH,K03798,,vv50133Primary_active_transporter_cat_A9_to_A18,
278,VIT_02s0012g02030,456,0.2215,Homeobox-7,VVHB7_1,VvHB09,vv60034HB,
279,VIT_19s0090g01050,457,0.2207,Endo-beta-1 4-glucanase,E3_2_1_4,,vv40006Cell_wall,
280,VIT_08s0007g06460,454,0.2185,Laccase (diphenol oxidase)-like protein,E1_10_3_2,,vv11000Single_reactions,vv50109Incompletely_characterized_transport_systems
281,VIT_08s0056g01070,447,0.2154,MATE efflux family protein,MATE,,vv50125Porters_cat_66_to_94,
282,VIT_08s0058g00870,443,0.2147,Unknown protein,,,,
283,VIT_01s0127g00590,442,0.2141,Protein disulfide isomerase,E5_3_4_1,,,
284,VIT_12s0028g03900,444,0.2138,No hit,,,,
285,VIT_18s0001g07000,441,0.2125,Pentatricopeptide (PPR) repeat-containing protein,,,,
286,VIT_09s0002g06990,439,0.2124,Phosphatidic acid phosphatase / PAP2,E3_1_3_4,,vv10561Glycerolipid_metabolism,vv10564Glycerophospholipid_metabolism
287,VIT_09s0018g01780,437,0.2120,ACT domain repeat 1 (ACR1) uridylyltransferase,,,,
288,VIT_18s0001g12400,437,0.2114,Unknown protein,,,,
289,VIT_04s0008g01020,438,0.2113,Unknown protein,,,,
290,VIT_18s0001g14790,430,0.2085,Lipase 3 (EXL3) family II extracellular,,,,
291,VIT_01s0137g00170,431,0.2085,B-keto acyl reductase,,,,
292,VIT_19s0090g00730,429,0.2085,No hit,,,,
293,VIT_05s0049g01400,427,0.2074,Alcohol oxidase,E1_1_3_13,,vv10680Methane_metabolism,
294,VIT_01s0011g00080,426,0.2062,Universal stress protein (USP) family protein,,,,
295,VIT_06s0004g02620,426,0.2047,Phenylalanine ammonia-lyase,E4_3_1_5,,vv10350Tyrosine_metabolism,vv10360Phenylalanine_metabolism
296,VIT_00s0267g00050,421,0.2034,No hit,,,,
297,VIT_04s0008g03930,421,0.2030,RD22,,,,
298,VIT_00s0340g00040,421,0.2029,Beta-hexosaminidase beta chain precursor,E3_2_1_52,,vv10511N-Glycan_degradation,vv10530Aminosugars_metabolism
299,VIT_16s0039g01670,420,0.2027,Cinnamoyl-CoA reductase,E1_2_1_44,,vv10940Phenylpropanoid_biosynthesis,
300,VIT_18s0001g01210,417,0.2022,Senescence-inducible chloroplast stay-green protein 2,,,,
301,VIT_06s0061g00620,413,0.2011,Short-chain dehydrogenase carbonyl reductase 3,,,,
302,VIT_12s0059g01870,414,0.2005,GH3-like protein,AUXINBIOSYNTHESIS_GH3,,vv11002Auxin_biosynthesis,
303,VIT_08s0007g00570,411,0.1999,WRKY DNA-binding protein 49,WRKY49,VvWRKY27,vv60066WRKY,
304,VIT_18s0001g15220,408,0.1982,Unknown protein,,,,
305,VIT_18s0001g09260,410,0.1974,Unknown protein,,,,
306,VIT_02s0012g01670,408,0.1973,R-mandelonitrile lyase isoform 1 precursor,E4_1_2_10,,vv10460Cyanoamino_acid_metabolism,
307,VIT_18s0001g03540,404,0.1967,Auxin transporter protein 4,AUX1,,vv50004Auxin_transport,vv50123Porters_cat_18_to_29
308,VIT_12s0142g00640,406,0.1947,FLS2 (flagellin-sensitive 2),K13420,,vv34626Plant-pathogen_interaction,
309,VIT_04s0008g02870,400,0.1931,Transcription factor,TRIHELIXDOM_12,,vv60062Trihelix,
310,VIT_05s0049g01450,392,0.1906,No hit,,,,
311,VIT_14s0068g01300,393,0.1905,Serine palmitoyltransferase,E2_3_1_50,,vv10600Sphingolipid_metabolism,
312,VIT_10s0003g00330,394,0.1903,HSL1 (HAESA-like 1),,,,
313,VIT_14s0030g00650,395,0.1902,Shikimate dehydrogenase,E1_1_1_25,,vv10400Phenylalanine_tyrosine_and_tryptophan_biosynthesis,
314,VIT_06s0004g01550,388,0.1875,Phosphoribosylanthranilate transferase,E2_4_2_18,,vv10400Phenylalanine_tyrosine_and_tryptophan_biosynthesis,
315,VIT_11s0118g00180,385,0.1863,HHP1 (heptahelical protein 1),,,,
316,VIT_07s0205g00180,383,0.1850,Basic helix-loop-helix (bHLH) family,BHLHDOM_30,,vv60011BHLH,
317,VIT_19s0014g05130,384,0.1850,Glycosyl transferase family 8 protein,,,,
318,VIT_05s0029g00480,381,0.1849,Eceriferum 2 (CER2),,,,
319,VIT_18s0001g05950,383,0.1845,Cis-zeatin O-beta-D-glucosyltransferase,E2_4_1_215,,vv10908Zeatin_biosynthesis,
320,VIT_00s0586g00020,380,0.1836,Unknown protein,,,,
321,VIT_18s0001g10500,373,0.1815,ABA 8'-hydroxylase CYP707A1,E1_14_13_93,,vv10906Carotenoid_biosynthesis,vv11013ABA_biosynthesis
322,VIT_17s0000g01000,373,0.1810,Amino acid-binding ACT,,,,
323,VIT_10s0042g01010,373,0.1804,CYP714A1,,,,
324,VIT_07s0104g01320,370,0.1791,Transport inhibitor response 1,TIR1,,vv30003Auxin_signaling,
325,VIT_13s0019g01540,371,0.1788,Protease inhibitor/seed storage/lipid transfer protein (LTP),,,,
326,VIT_14s0108g01080,364,0.1771,Myb domain protein 106,MYB106_2,MYB141,vv60044MYB,
327,VIT_11s0052g00410,361,0.1750,Allyl alcohol dehydrogenase,,,,
328,VIT_00s0516g00010,357,0.1725,Unknown,,,,
329,VIT_12s0028g00310,354,0.1719,Protein kinase family,,,,
330,VIT_19s0014g04170,354,0.1711,Curculin (mannose-binding) lectin,,,,
331,VIT_00s0267g00030,353,0.1692,Unknown,,,,
332,VIT_14s0006g02570,348,0.1686,Protease inhibitor/seed storage/lipid transfer protein (LTP),,,,
333,VIT_01s0026g02530,347,0.1666,Beta-1 3-galactosyltransferase,K07819,,vv10602Glycosphingolipid_biosynthesis,
334,VIT_19s0027g01810,345,0.1657,Invertase/pectin methylesterase inhibitor,PMEI,,vv40006Cell_wall,
335,VIT_18s0001g07300,338,0.1621,MADS box interactor,,,,
336,VIT_07s0104g00800,335,0.1614,Indole-3-acetic acid-amido synthetase GH3.6,AUXINBIOSYNTHESIS_GH3,,vv11002Auxin_biosynthesis,
337,VIT_02s0033g01210,328,0.1582,Cyclops,,,,
338,VIT_08s0007g03990,324,0.1567,Cellulose synthase CSLA09,E2_4_1_12_CSLA09,,vv40006Cell_wall,
339,VIT_00s0218g00090,320,0.1549,Exostosin family protein,K02366,,vv11030Glycan_structures-biosynthesis1,
340,VIT_10s0071g00270,322,0.1549,Abscisic acid-insensitive protein 3 (ABI3),ABI3_1,,vv30001ABA_signaling,vv30003Auxin_signaling
341,VIT_15s0046g01960,318,0.1547,Hydroquinone glucosyltransferase,E2_4_1_218,,vv10500Starch_and_sucrose_metabolism,
342,VIT_04s0023g00490,319,0.1543,Auxin responsive SAUR protein,SAUR,,vv30003Auxin_signaling,
343,VIT_02s0012g00580,317,0.1526,Ankyrin protein kinase,,,,
344,VIT_15s0021g02300,314,0.1513,Squamosa promoter-binding protein 8 (SPL8),SPL8,,vv60055SBP,
345,VIT_03s0038g00120,311,0.1492,Gibberellin-regulated protein 4 (GASA4),GASA4,,vv30010Gibberellin_signaling,
346,VIT_13s0019g00420,307,0.1481,F-box family protein,,,,
347,VIT_14s0108g01660,306,0.1472,Biotin carboxyl carrier protein of acetyl-CoA carboxylase,E6_4_1_2,,vv10061Fatty_acid_biosynthesis,vv10620Pyruvate_metabolism
348,VIT_05s0020g01980,304,0.1471,Acyl carrier protein  mitochondrial 3,K02078,,vv50134Primary_active_transporter_cat_D1,
349,VIT_13s0064g01640,304,0.1462,Beta-primeverosidase,E3_2_1_149,,vv11000Single_reactions,
350,VIT_15s0048g03000,300,0.1458,GTPase RABA3,K07976,,,
351,VIT_18s0001g10060,297,0.1449,LRX1 (leucine-rich repeat/extensin 1),EXTENSIN,,vv40006Cell_wall,
352,VIT_04s0008g03320,296,0.1434,UVB-resistance protein,,,,
353,VIT_03s0017g02280,294,0.1433,Myb family,MYBGE_22,,vv60029G2-like,
354,VIT_19s0085g00900,297,0.1428,Unknown protein,,,,
355,VIT_04s0069g00500,294,0.1425,Villin 2 (Fragment),K05768,,vv44810Regulation_of_actin_cytoskeleton,
356,VIT_15s0021g00710,294,0.1419,No hit,,,,
357,VIT_05s0049g01810,292,0.1415,No hit,,,,
358,VIT_07s0005g01890,288,0.1385,Patatin,,,,
359,VIT_15s0021g00730,286,0.1376,No hit,,,,
360,VIT_07s0129g00070<br>VIT_07s0129g00150,284,0.1372,
361,VIT_10s0003g01940,281,0.1359,RKF1 (receptor-like kinase in flowers 1),,,,
362,VIT_14s0030g00220,282,0.1354,Sugar transporter ERD6-like 5,ERD6L5,,vv50121Porters_cat_1_to_6,
363,VIT_01s0010g02610,282,0.1354,Unknown protein,,,,
364,VIT_12s0034g00250,276,0.1327,Aquaporin PIP1A,PIP1A,,vv50101Channels_and_pores,
365,VIT_04s0008g06300,274,0.1325,Leucine-rich repeat family,,,,
366,VIT_15s0021g02510,275,0.1322,GATA transcription factor 2,GATA2,,vv60016C2C2-GATA,
367,VIT_13s0019g03310,272,0.1319,Transposon protein,,,,
368,VIT_08s0007g06220,269,0.1307,No hit,,,,
369,VIT_03s0038g04210,272,0.1307,Phototropin-2,K08282,,vv50101Channels_and_pores,
370,VIT_08s0040g01520,270,0.1301,Indole-3-acetate beta-glucosyltransferase,E2_4_1_121,,vv11002Auxin_biosynthesis,
371,VIT_00s0187g00050,262,0.1268,No hit,,,,
372,VIT_14s0066g01730,261,0.1262,Cellulose synthase CSLC04,E2_4_1_12_CSLC04,,vv40006Cell_wall,
373,VIT_11s0016g02880,261,0.1258,NAC domain-containing protein 75,NAC075,VvNAC19,vv60046NAC,
374,VIT_19s0015g02590,260,0.1254,Glutathione S-transferase 25 GSTU25,E2_5_1_18_GSTU25,,vv10480Glutathione_metabolism,
375,VIT_04s0044g01790,258,0.1250,Ribosome assembly protein 1,K14536,,vv23008Ribosome_biogenesis_in_Eukaryotes,
376,VIT_18s0001g01730,258,0.1244,Shikimate kinase,E2_7_1_71,,vv10400Phenylalanine_tyrosine_and_tryptophan_biosynthesis,
377,VIT_13s0156g00540,258,0.1236,Disease resistance protein (CC-NBS-LRR class),,,,
378,VIT_10s0042g01040,254,0.1235,CYP714A1,,,,
379,VIT_08s0040g01970,254,0.1229,fasciclin arabinogalactan-protein (FLA11),FLA11,,vv40006Cell_wall,
380,VIT_02s0025g03760,253,0.1225,Myosin-related,MYOSINR,,vv44810Regulation_of_actin_cytoskeleton,
381,VIT_13s0019g01520,253,0.1223,Protease inhibitor/seed storage/lipid transfer protein (LTP),,,,
382,VIT_16s0098g00410,252,0.1221,Receptor kinase homolog LRK10,,,,
383,VIT_19s0015g02880,252,0.1216,Glutathione S-transferase 20 GSTU20,E2_5_1_18_GSTU20,,vv10480Glutathione_metabolism,
384,VIT_12s0055g00160,250,0.1211,UDP-glycosyltransferase 71E1,E2_4_1_17,,vv10040Pentose_glucuronate_interconversion,vv10500Starch_and_sucrose_metabolism
385,VIT_14s0128g00180,251,0.1205,Zinc finger (C3HC4-type ring finger),ZFC3HC4_209,,vv60078Other_zf-C3HC4,
386,VIT_19s0014g00280,247,0.1200,Nodulin MtN3 family,,,,
387,VIT_08s0007g08110,248,0.1192,1-acyl-sn-glycerol-3-phosphate acyltransferase,E2_3_1_51,,vv10561Glycerolipid_metabolism,vv10564Glycerophospholipid_metabolism
388,VIT_01s0010g01810,249,0.1188,Tetratricopeptide repeat (TPR)-containing,,,,
389,VIT_00s0515g00040,244,0.1186,R protein MLA10,K13475,,vv34627R_proteins_from_Plant-pathogen_interaction,
390,VIT_13s0084g00520<br>VIT_13s0084g00370,244,0.1184,
391,VIT_02s0012g01940,238,0.1154,Myb KAN2 (KANADI 2),KANADI2_1,,vv60029G2-like,
392,VIT_13s0067g01440,235,0.1131,Pentatricopeptide (PPR) repeat-containing protein,,,,
393,VIT_11s0052g00890,230,0.1108,Unknown protein,,,,
394,VIT_06s0009g03390,227,0.1106,No hit,,,,
395,VIT_19s0014g02670,228,0.1095,Protein kinase CRK1 CRK1 protein(Cdc2-related kinase 1),,,,
396,VIT_18s0072g01010,226,0.1094,Peptide chain release factor eRF subunit 1,K03265,,vv23015mRNA_surveillance_pathway,
397,VIT_12s0028g03480,224,0.1084,Wax synthase,E2_3_1_75,,vv11000Single_reactions,
398,VIT_06s0061g00520,223,0.1079,Serine carboxypeptidase precursor,,,,
399,VIT_09s0002g05620,223,0.1078,Unknown protein,,,,
400,VIT_10s0003g00560,223,0.1077,Wuschel homeobox 9,WOX9,VvHB37,vv60034HB,
401,VIT_02s0012g00150,222,0.1076,NAK-type protein kinase,,,,
402,VIT_14s0030g02310,223,0.1073,Auxin-induced protein 22D,IAA22D_4,,vv30003Auxin_signaling,vv60008AUXIAA
403,VIT_18s0001g01750,221,0.1067,No hit,,,,
404,VIT_17s0000g02920,218,0.1052,Glutathione S-transferase 25 GSTU7,E2_5_1_18_GSTU7,,vv10480Glutathione_metabolism,
405,VIT_18s0001g05290,213,0.1035,(-)-germacrene D synthase,E4_2_3_22,,vv10900Terpenoid_biosynthesis,
406,VIT_12s0028g03050,212,0.1020,NAC domain-containing protein 73,NAC073_2,VvNAC34,vv60046NAC,
407,VIT_15s0048g00550,209,0.1011,Abnormal floral organs,AFO_2,,vv60019C2C2-YABBY,
408,VIT_17s0000g06400,209,0.1010,NAC domain containing protein 100,NAC100_1,VvNAC05,vv60046NAC,
409,VIT_05s0077g01250,206,0.0991,Endochitinase A2 precursor,E3_2_1_14,,vv10530Aminosugars_metabolism,
410,VIT_03s0088g00060,205,0.0988,Isoflavone reductase,E1_3_1_45,,vv10943Isoflavonoid_biosynthesis,
411,VIT_18s0001g12000,201,0.0977,Geranylgeranyl pyrophosphate synthetase 1  chloroplast precursor,E2_5_1_29,,vv10100Biosynthesis_of_steroids,vv10900Terpenoid_biosynthesis
412,VIT_02s0025g03780,195,0.0943,Remorin,,,,
413,VIT_16s0050g00870,195,0.0940,Acyltransferase,E2_3_1_x,,,
414,VIT_01s0150g00390,194,0.0936,Minichromosome maintenance protein 2,K02540,,vv23030DNA_replication,vv44110Cell_cycle
415,VIT_10s0116g01580,191,0.0929,No hit,,,,
416,VIT_08s0007g05990,190,0.0921,Beta 1-3 glucanase,E3_2_1_6,,,
417,VIT_02s0025g03680,190,0.0917,Tubulin beta-8 chain,K07375,,vv44145Phagosome,vv44810Regulation_of_actin_cytoskeleton
418,VIT_19s0014g02730,188,0.0907,Cytochrome c oxidase subunit XVII assembly protein,K02260,,vv10190Oxidative_phosphorylation,vv50135Primary_active_transporter_cat_D3_to_E2
419,VIT_18s0122g00220,187,0.0900,Phosphodiesterase/alkaline phosphatase D,E3_1_4_1,,,
420,VIT_08s0007g07110,185,0.0896,Unknown protein,,,,
421,VIT_12s0059g01190,185,0.0890,Homeobox protein shoot MERISTEMLESS (STM),STM_2,VvHB43,vv50004Auxin_transport,vv60034HB
422,VIT_19s0093g00590,181,0.0877,Myosin heavy chain-like protein,K10352,,vv44810Regulation_of_actin_cytoskeleton,
423,VIT_18s0001g00220,181,0.0876,Unknown,,,,
424,VIT_07s0151g00510,181,0.0873,GCN5 N-acetyltransferase (GNAT),GCN5_22,,vv60082GNAT,
425,VIT_13s0067g03470,178,0.0864,Glutathione S-transferase GSTO1,E2_5_1_18_GSTO1,,vv10480Glutathione_metabolism,
426,VIT_15s0046g02460,175,0.0850,Growth-on protein GRO11,,,,
427,VIT_18s0001g11710,174,0.0842,Photosystem II PsbO protein,K02716,,vv10195Photosynthesis,vv50113Thylakoid_targeting_pathway
428,VIT_12s0035g01170,173,0.0840,Unknown protein,,,,
429,VIT_19s0014g00090,171,0.0835,Glucan endo-1 3-beta-glucosidase 4 precursor,E3_2_1_39,,vv10500Starch_and_sucrose_metabolism,
430,VIT_00s0323g00060,173,0.0830,Invertase/pectin methylesterase inhibitor,PMEI,,vv40006Cell_wall,
431,VIT_09s0002g00410,171,0.0824,No hit,,,,
432,VIT_00s0183g00050,166,0.0806,No hit,,,,
433,VIT_01s0026g02030,164,0.0793,Basic helix-loop-helix (bHLH) family,BHLHDOM_59,,vv60011BHLH,
434,VIT_14s0060g01830,162,0.0787,Unknown protein,,,,
435,VIT_07s0005g01180,162,0.0783,Unknown protein,,,,
436,VIT_10s0092g00370,161,0.0781,CYP71D7,E1_14_13_73,,vv10902Monoterpenoid_biosynthesis,
437,VIT_01s0182g00130,161,0.0779,PHO1-like protein,PHO1,,vv50125Porters_cat_66_to_94,
438,VIT_08s0058g01230,160,0.0768,Non-specific lipid-transfer protein,,,,
439,VIT_18s0072g01050,158,0.0762,SNARE associated gtk16 protein,,,,
440,VIT_06s0009g01460,157,0.0758,Homoserine dehydrogenase,E1_1_1_3,,vv10260Glycine_serine_and_threonine_metabolism,vv10300Lysine_biosynthesis
441,VIT_01s0146g00410,157,0.0758,GEM-like protein 5,,,,
442,VIT_10s0092g00150,153,0.0741,Patatin protein 3,,,,
443,VIT_16s0022g02170,151,0.0730,Alpha-L-fucosidase,E3_2_1_51,,vv10511N-Glycan_degradation,
444,VIT_03s0063g01890,150,0.0725,Ring-H2 finger protein ATL3G,,,,
445,VIT_18s0001g07020,148,0.0715,No hit,,,,
446,VIT_06s0004g07960,145,0.0703,Glucose-6-phosphate/phosphate translocator,G6PPTR,,vv50122Porters_cat_7_to_17,
447,VIT_14s0068g01520,145,0.0703,Double-stranded RNA-binding (DsRBD) domain-containing protein,,,,
448,VIT_19s0014g04930,141,0.0684,Germacrene-D synthase,E4_2_3_22,,vv10900Terpenoid_biosynthesis,
449,VIT_04s0008g04470,140,0.0676,Zinc finger  SWIM-type,ZFSWIM_8,,vv60074Orphans_zf-SWIM,
450,VIT_04s0008g05880,140,0.0673,CHD3-type chromatin-remodeling factor PICKLE,PICKLE_2,,vv60048PHD,
451,VIT_00s0456g00040<br>VIT_00s0374g00030,138,0.0667,
452,VIT_07s0005g01290,138,0.0663,DnaJ homolog  subfamily C  member 7,K09527,,vv50132Primary_active_transporter_cat_A5_to_A8,
453,VIT_17s0000g06370,136,0.0661,Thioredoxin 2,,,,
454,VIT_14s0060g01790,135,0.0659,Unknown protein,,,,
455,VIT_08s0056g00240,135,0.0653,Unknown protein,,,,
456,VIT_17s0053g00680,133,0.0642,Argonaute protein (AGO1),,,,
457,VIT_14s0006g02320,131,0.0636,Nuclear transcription factor Y subunit C-4,NFYC4,,vv60021CCAAT,
458,VIT_06s0004g05200,130,0.0634,No hit,,,,
459,VIT_12s0134g00500,131,0.0631,Cyclin D6,CYCD6_1,,vv44110Cell_cycle,
460,VIT_15s0048g02680,130,0.0630,Calmodulin-binding region IQD17,,,,
461,VIT_19s0014g03720,130,0.0625,Unknown protein,,,,
462,VIT_06s0004g02710,127,0.0611,Drug/metabolite transporter DMT family transporter,DMT,,vv50122Porters_cat_7_to_17,
463,VIT_15s0046g01350,121,0.0589,Tubulin gamma-2 chain,K10389,,vv44810Regulation_of_actin_cytoskeleton,
464,VIT_02s0087g00420,122,0.0588,Zinc finger (C3HC4-type ring finger),ZFC3HC4_14,,vv60078Other_zf-C3HC4,
465,VIT_01s0011g05440,120,0.0583,Unknown protein,,,,
466,VIT_02s0025g01240,118,0.0572,UDP-glucuronosyl/UDP-glucosyltransferase,E2_4_1_17,,vv10040Pentose_glucuronate_interconversion,vv10500Starch_and_sucrose_metabolism
467,VIT_16s0022g01050<br>VIT_16s0022g01030<br>VIT_16s0022g01010<br>VIT_16s0022g01110<br>VIT_16s0022g01100<br>VIT_16s0022g01040<br>VIT_16s0022g00990<br>VITisv_028484,117,0.0568,
468,VIT_11s0016g02050,116,0.0562,Nucleosome assembly protein (NAP1),,,,
469,VIT_19s0093g00160,115,0.0557,Glutathione S-transferase 8 GSTU19,E2_5_1_18_GSTU19,,vv10480Glutathione_metabolism,
470,VIT_10s0003g00980,113,0.0546,Unknown protein,,,,
471,VIT_05s0094g01280,111,0.0538,Ribosome subunit biogenesis protein 60S,K07565,,,
472,VIT_19s0090g00330,110,0.0534,1-acyl-sn-glycerol-3-phosphate acyltransferase,E2_3_1_51,,vv10561Glycerolipid_metabolism,vv10564Glycerophospholipid_metabolism
473,VIT_11s0052g01600,110,0.0534,UDP-glucose flavonoid 3-O-glucosyltransferase 7,E2_4_1_91,,vv10941Flavonoid_biosynthesis,
474,VIT_18s0001g14810,104,0.0503,Lipase 3 (EXL3) family II extracellular,,,,
475,VIT_00s0283g00030,104,0.0503,Calnexin 1 (CNX1),K08054,,vv24141Protein_processing_in_endoplasmic_reticulum,vv44145Phagosome
476,VIT_13s0074g00660,104,0.0502,ABC transporter G member 22,ABCG22,,vv52010ABC_transporters,
477,VIT_08s0007g05220,102,0.0490,Unknown,,,,
478,VIT_16s0039g01910,101,0.0488,Vegetative storage protein win4.5,,,,
479,VIT_02s0087g00720,100,0.0485,Receptor protein kinase,,,,
480,VIT_06s0004g03020,99,0.0478,Beta-galactosidase,E3_2_1_23,,vv10052Galactose_metabolism,vv10511N-Glycan_degradation
481,VIT_05s0020g04540,98,0.0476,Beta-ketoacyl-CoA synthase,E2_3_1_41,,vv10061Fatty_acid_biosynthesis,
482,VIT_14s0083g00920,98,0.0473,No hit,,,,
483,VIT_05s0062g01130,97,0.0469,Aromatic and neutral transporter 1,ANT1,,vv50123Porters_cat_18_to_29,
484,VIT_17s0000g07070,96,0.0467,UDP-glucoronosyl and UDP-glucosyl transferase,,,,
485,VIT_04s0069g00360,96,0.0467,No hit,,,,
486,VIT_08s0007g01750,96,0.0463,Acetyl co-enzyme A carboxylase carboxyltransferase alpha subunit,E6_4_1_2,,vv10061Fatty_acid_biosynthesis,vv10620Pyruvate_metabolism
487,VIT_11s0037g01410,96,0.0462,XBAT32 (XB3 ortholog 2 in Arabidopsis thaliana 32),XBAT32,,vv50108Accessory_factors_involved_in_transport,
488,VIT_18s0001g14040,95,0.0461,Endo-1 4-beta-glucanase,E3_2_1_4,,vv40006Cell_wall,
489,VIT_16s0098g01900,95,0.0459,Pectinesterase family,E3_1_1_11,,vv40006Cell_wall,
490,VIT_13s0019g02880,94,0.0454,UDP-glucoronosyl/UDP-glucosyl transferase,,,,
491,VIT_19s0014g03300,94,0.0451,NAC domain containing protein 2,NAC2_1,VvNAC18,vv60046NAC,
492,VIT_15s0046g00730,93,0.0451,Auxin-responsive protein,AUXREG,,vv30003Auxin_signaling,
493,VIT_08s0007g03140,92,0.0446,Rac GTPase activating protein 1,RHOGAP,,vv50109Incompletely_characterized_transport_systems,
494,VIT_02s0025g04310,91,0.0442,Thaumatin,,,,
495,VIT_16s0039g02500,91,0.0438,Shikimate kinase,E2_7_1_71,,vv10400Phenylalanine_tyrosine_and_tryptophan_biosynthesis,
496,VIT_00s2037g00010,90,0.0438,Unknown,,,,
497,VIT_09s0002g03620,90,0.0435,NADP-dependent malic enzyme,E1_1_1_39,,vv10620Pyruvate_metabolism,vv10710Carbon_fixation
498,VIT_01s0010g00720,89,0.0430,Unknown,,,,
499,VIT_17s0000g06460,89,0.0429,Zinc finger (C3HC4-type ring finger),ZFC3HC4_177,,vv60078Other_zf-C3HC4,
500,VIT_08s0007g05110,87,0.0422,No hit,,,,
501,VIT_14s0060g00410,87,0.0421,EDA32 (embryo sac development arrest 32),,,,
502,VIT_15s0045g01600,87,0.0417,Eceriferum 1 (CER1 protein) Sterol desaturase,,,,
503,VIT_03s0063g00370,86,0.0414,Nitrite reductase,E1_7_7_1,,vv10910Nitrogen_metabolism,
504,VIT_14s0060g01840,86,0.0413,Unknown protein,,,,
505,VIT_08s0056g00640,84,0.0409,Transposon protein  CACTA  En/Spm sub-class,,,,
506,VIT_13s0067g00110,83,0.0405,CYP72A1,K13400,,vv10902Monoterpenoid_biosynthesis,
507,VIT_03s0038g04230,82,0.0398,Dihydroflavonol 4-reductase,E1_1_1_219,,vv10941Flavonoid_biosynthesis,
508,VIT_05s0062g00520,77,0.0372,UDP-glucose:flavonoid 7-O-glucosyltransferase,E2_4_1_237,,vv10941Flavonoid_biosynthesis,
509,VIT_05s0124g00100,76,0.0366,Unknown,,,,
510,VIT_05s0020g03890,74,0.0358,Kinase interacting,,,,
511,VIT_07s0005g06090,74,0.0357,Pore-forming toxin-like protein Hfr-2,HFR2,,vv50101Channels_and_pores,
512,VIT_12s0035g01910,72,0.0348,Heat shock protein 18.2 kDa class II,K13993,,vv24141Protein_processing_in_endoplasmic_reticulum,
513,VIT_08s0056g00260,72,0.0347,Harpin-induced protein,,,,
514,VIT_08s0007g06390,71,0.0344,Enoyl-[acyl-carrier-protein] reductase [NADH]  chloroplast precursor,E1_3_1_9,,vv10061Fatty_acid_biosynthesis,
515,VIT_05s0049g01980,71,0.0344,3-isopropylmalate dehydratase large subunit 2,E4_2_1_33,,vv10290Valine_leucine_and_isoleucine_biosynthesis,
516,VIT_02s0087g00400,71,0.0343,Pectinacetylesterase,PAE,,vv40006Cell_wall,
517,VIT_11s0052g00800,71,0.0342,Protein kinase family,,,,
518,VIT_08s0040g02640,71,0.0341,Serine/threonine-protein kinase AFC1,K08287,,,
519,VIT_15s0046g01430,68,0.0331,Aldose 1-epimerase,E5_1_3_3,,vv10010Glycolysis,
520,VIT_13s0019g01280,63,0.0306,DC1 domain-containing protein,,,,
521,VIT_06s0009g02780,62,0.0301,Histone mRNA exonuclease 1,K01175,,,
522,VIT_08s0040g01130,62,0.0300,Serine carboxypeptidase II,,,,
523,VIT_00s0220g00180,62,0.0300,Glycosyl hydrolase family 20 protein,,,,
524,VIT_15s0048g02720,61,0.0294,fatty acid elongase,E2_3_1_41,,vv10061Fatty_acid_biosynthesis,
525,VIT_06s0004g03400,60,0.0289,Myosin heavy chain,K10352,,vv44810Regulation_of_actin_cytoskeleton,
526,VIT_08s0105g00400,59,0.0285,GT-1-like transcription factor,GT1L,,vv60062Trihelix,
527,VIT_01s0011g03450,57,0.0276,Alpha-glucosidase,E3_2_1_20,,vv10052Galactose_metabolism,vv10500Starch_and_sucrose_metabolism
528,VIT_04s0008g04230,56,0.0270,ABC transporter G member 22,ABCG22,,vv52010ABC_transporters,
529,VIT_14s0060g01820,55,0.0266,Unknown,,,,
530,VIT_00s0181g00200<br>VIT_00s0181g00180,55,0.0264,
531,VIT_02s0025g02630,54,0.0262,Lipase GDSL,,,,
532,VIT_18s0001g10580,54,0.0260,Glycosyl transferase family 8 protein,,,,
533,VIT_09s0054g00430,53,0.0257,Unknown protein,,,,
534,VIT_04s0044g00070,53,0.0255,RAB GDP dissociation inhibitor 1 ATGD1,,,,
535,VIT_05s0049g00310,52,0.0250,E8 protein,E8,,vv30008Ethylene_signaling,
536,VIT_13s0064g01740<br>VIT_13s0064g01750,52,0.0250,
537,VIT_01s0026g00080,51,0.0246,Metal-dependent phosphohydrolase HD domain-containing protein,K07023,,,
538,VIT_08s0040g00440,51,0.0246,Unknown protein,,,,
539,VIT_11s0052g00490,50,0.0243,No hit,,,,
540,VIT_14s0068g02290,50,0.0243,Disease resistance protein,K13466,,vv34626Plant-pathogen_interaction,
541,VIT_06s0004g03050,49,0.0237,fasciclin arabinogalactan-protein (FLA11),FLA11,,vv40006Cell_wall,
542,VIT_10s0071g00810<br>VIT_10s0071g00840,48,0.0232,
543,VIT_07s0005g01470,48,0.0231,Unknown protein,,,,
544,VIT_13s0067g02870,47,0.0228,Chalcone-flavanone isomerase,E5_5_1_6,,vv10941Flavonoid_biosynthesis,
545,VIT_11s0016g02280,46,0.0223,Glycine dehydrogenase 2,E1_4_4_2,,vv10260Glycine_serine_and_threonine_metabolism,
546,VIT_10s0071g00850,46,0.0222,Binding,,,,
547,VIT_15s0048g02880,46,0.0221,Ubiquitin thiolesterase,,,,
548,VIT_00s0301g00110,45,0.0218,Bifunctional nuclease,,,,
549,VIT_19s0014g04920,45,0.0218,(-)-germacrene D synthase,E4_2_3_22,,vv10900Terpenoid_biosynthesis,
550,VIT_13s0019g05070,44,0.0214,Nodulin family protein,,,,
551,VIT_02s0087g00490,44,0.0213,10-deacetylbaccatin III 10-O-acetyltransferase,E2_3_1_167,,vv10904Diterpenoid_biosynthesis,
552,VIT_02s0033g01000,44,0.0213,Anthraniloyal-CoA: methanol anthraniloyal transferase,AMAT,,vv10400Phenylalanine_tyrosine_and_tryptophan_biosynthesis,
553,VIT_01s0127g00260,44,0.0213,ATP-citrate synthase,E4_1_3_6,,vv10020Citrate_cycle,
554,VIT_15s0046g00510,44,0.0212,Wax synthase,E2_3_1_75,,vv11000Single_reactions,
555,VIT_17s0000g09980,44,0.0212,REF6 (relative of early flowering 6),REF6,,vv30009Flower_development,vv60038Jumonji
556,VIT_14s0219g00140,44,0.0211,ATP synthase mitochondrial F1 complex assembly factor 2,K07556,,,
557,VIT_11s0037g00290,43,0.0210,Plastocyanin domain-containing protein,K02638,,vv10195Photosynthesis,vv50113Thylakoid_targeting_pathway
558,VIT_17s0000g02600,43,0.0209,Unknown protein,,,,
559,VIT_15s0048g01410,43,0.0208,NTMC2T4/NTMC2TYPE4; NTMC2T4/NTMC2TYPE4,NTMC2T4,,vv50109Incompletely_characterized_transport_systems,
560,VIT_04s0044g01130,42,0.0204,Alcohol dehydrogenase 2 [Vitis vinifera],E1_1_1_1,,vv10010Glycolysis,vv10071Fatty_acid_metabolism
561,VIT_08s0058g01340,42,0.0203,Leucine-rich repeat transmembrane protein kinase,,,,
562,VIT_01s0137g00820,42,0.0203,Phototropic-responsive NPH3,,,,
563,VIT_05s0051g00460,42,0.0202,Leucine-rich repeat protein kinase,,,,
564,VIT_14s0060g01320,41,0.0198,Universal stress protein (USP) family protein,,,,
565,VIT_06s0004g04050,41,0.0197,Laccase,E1_10_3_2,,vv11000Single_reactions,vv50109Incompletely_characterized_transport_systems
566,VIT_12s0034g01030,40,0.0194,R protein MLA10,K13475,,vv34627R_proteins_from_Plant-pathogen_interaction,
567,VIT_09s0002g06610,40,0.0193,Polygalacturonase GH28,E3_2_1_15,,vv40006Cell_wall,
568,VIT_04s0008g02890,39,0.0188,Receptor kinase,,,,
569,VIT_09s0018g01340<br>VIT_09s0018g01360,38,0.0184,
570,VIT_07s0005g06060,38,0.0184,Pore-forming toxin-like protein Hfr-2,HFR2,,vv50101Channels_and_pores,
571,VIT_10s0003g03330,38,0.0183,Receptor-like serine-threonine protein kinase,,,,
572,VIT_07s0005g05210,38,0.0183,No hit,,,,
573,VIT_04s0008g05830,36,0.0174,Armadillo/beta-catenin repeat,,,,
574,VIT_14s0068g02010,35,0.0169,IMP dehydrogenase/GMP reductase,E1_1_1_205,,vv10230Purine_metabolism,
575,VIT_10s0116g01840,35,0.0169,No hit,,,,
576,VIT_11s0016g02670,34,0.0165,Unknown protein,,,,
577,VIT_03s0063g00580,34,0.0165,Rad54,K10875,,vv23440Homologous_recombination,vv60058SNF2
578,VIT_06s0009g00330,34,0.0164,No hit,,,,
579,VIT_14s0068g00140,34,0.0164,No hit,,,,
580,VIT_16s0098g00420,34,0.0164,Ser/Thr receptor-like kinase1,,,,
581,VIT_06s0009g01750,33,0.0160,ATP-dependent RNA helicase DOB1,K12598,,vv23018RNA_degradation,
582,VIT_14s0030g00960,33,0.0159,R protein MLA10,K13475,,vv34627R_proteins_from_Plant-pathogen_interaction,
583,VIT_06s0004g07900,33,0.0159,Ovate family protein 17 OFP17,OFP17_1,,vv60086OFP,
584,VIT_11s0052g01690,32,0.0156,No hit,,,,
585,VIT_17s0053g00780,32,0.0155,Homeodomain GLABROUS11,HDG11_1,VvHB60,vv60034HB,
586,VIT_10s0003g03440,31,0.0150,No hit,,,,
587,VIT_00s2525g00010,31,0.0150,Unknown,,,,
588,VIT_11s0052g01810,30,0.0145,Protein kinase,,,,
589,VIT_09s0002g00190,30,0.0145,NBS-LRR type disease resistance protein,,,,
590,VIT_04s0008g04160,29,0.0141,Dehydration-responsive protein (RD22),RD22,,,
591,VIT_01s0010g03800,29,0.0140,Unknown protein,,,,
592,VIT_15s0048g01940,29,0.0140,Generic methyltransferase,,,,
593,VIT_03s0063g00670,29,0.0139,Cyclin-dependent kinase inhibitor ICK5,ICK5,,vv44110Cell_cycle,
594,VIT_10s0003g01550,28,0.0135,IMK2 (inflorescence meristem receptor-like kinase 2),,,,
595,VIT_18s0001g15050,26,0.0126,Protein phosphatase 2C,E3_1_3_16,,,
596,VIT_18s0122g00950,26,0.0126,Unknown protein,,,,
597,VIT_18s0075g00570,25,0.0122,Emb1381 (embryo defective 1381),,,,
598,VIT_10s0003g04270,25,0.0121,BCL2 binding anthogene,,,,
599,VIT_11s0052g01790,25,0.0121,No hit,,,,
600,VIT_07s0005g04850,25,0.0121,Alpha-expansin 19,EXPA19,,vv30003Auxin_signaling,
601,VIT_02s0025g04360,25,0.0121,S-N-methylcoclaurine 3'-hydroxylase,E1_14_13_71,,vv10950Alkaloid_biosynthesis_I,
602,VIT_13s0067g00330,25,0.0120,AUX1 auxin influx carrier protein,AUX1,,vv50004Auxin_transport,vv50123Porters_cat_18_to_29
603,VIT_00s1613g00010,25,0.0120,Syntaxin 52,K08503,,vv24130SNARE_interactions_in_vesicular_transport,
604,VIT_08s0007g07140,24,0.0116,Esterase/lipase/thioesterase family protein,,,,
605,VIT_16s0039g01680,24,0.0116,Unknown protein,,,,
606,VIT_13s0067g03820,24,0.0116,Chalcone--flavonone isomerase (Chalcone isomerase),E5_5_1_6,,vv10941Flavonoid_biosynthesis,
607,VIT_14s0108g00080,24,0.0116,V-type H+-transporting ATPase subunit AC39,K02146,,vv10190Oxidative_phosphorylation,vv44145Phagosome
608,VIT_13s0064g00960,23,0.0112,Myb domain protein 46,MYB46,MYB186,vv60044MYB,
609,VIT_04s0044g01730,23,0.0111,F-box family protein,,,,
610,VIT_04s0043g00290,23,0.0111,Microtubule-associated protein,MASP,,vv44810Regulation_of_actin_cytoskeleton,
611,VIT_00s0676g00040<br>VIT_00s0239g00090<br>VIT_02s0012g03160<br>VIT_07s0005g06400<br>VIT_00s0239g00120<br>VIT_00s0173g00060<br>VIT_00s0308g00030,23,0.0111,
612,VIT_14s0066g00310,23,0.0111,Unknown protein,,,,
613,VIT_05s0020g03600,23,0.0111,CDPK adapter protein 1,,,,
614,VIT_02s0025g01040,23,0.0111,Receptor protein kinase,,,,
615,VIT_05s0077g00650,23,0.0111,Poly(A) polymerase,K14376,,vv23015mRNA_surveillance_pathway,
616,VIT_13s0019g03210,22,0.0107,Lectin-like protein,,,,
617,VIT_15s0046g00650,22,0.0107,Wax synthase,E2_3_1_75,,vv11000Single_reactions,
618,VIT_19s0093g00190,22,0.0107,Glutathione S-transferase 25 GSTU25,E2_5_1_18_GSTU25,,vv10480Glutathione_metabolism,
619,VIT_04s0008g05520,22,0.0107,Unknown protein,,,,
620,VIT_01s0010g02230,22,0.0107,Response regulator ARR11 Type-B,ARR11_2,,vv30007Cytokinin_signaling,vv60006ARR-B
621,VIT_18s0001g06410,22,0.0106,Ribosomal protein 60S,,,,
622,VIT_04s0008g06310,22,0.0106,Octicosapeptide/Phox/Bem1p (PB1) domain-containing protein,BEM1P,,vv50132Primary_active_transporter_cat_A5_to_A8,
623,VIT_16s0148g00290<br>VIT_16s0148g00360<br>VIT_16s0148g00100<br>VIT_00s0258g00140,22,0.0106,
624,VIT_09s0002g02980,21,0.0102,FRK1 (FLG22-induced receptor-like kinase 1),FRK1,,vv34626Plant-pathogen_interaction,
625,VIT_03s0088g00140,21,0.0102,Isoflavone reductase protein 2,E1_3_1_45,,vv10943Isoflavonoid_biosynthesis,
626,VIT_13s0139g00230,21,0.0101,R protein disease resistance protein,RPROT,,vv34627R_proteins_from_Plant-pathogen_interaction,
627,VIT_00s0499g00030,21,0.0101,Stearoyl-CoA 9-desaturase,E1_14_19_1,,vv11040Biosynthesis_of_unsaturated_fatty_acids,
628,VIT_17s0000g02660,20,0.0097,Myb domain protein 6,MYB6_2,MYBC2-L2,vv60044MYB,
629,VIT_18s0117g00550,20,0.0097,Laccase,E1_10_3_2,,vv11000Single_reactions,vv50109Incompletely_characterized_transport_systems
630,VIT_10s0003g01560,20,0.0096,Cellulose synthase CESA8,E2_4_1_12_CESA8,,vv40006Cell_wall,
631,VIT_05s0029g00510,19,0.0092,Aquaporin PIP PIP1A,PIP1A,,vv50101Channels_and_pores,
632,VIT_07s0005g05180,19,0.0092,No hit,,,,
633,VIT_06s0004g06910,19,0.0092,Unknown protein,,,,
634,VIT_10s0003g00420,19,0.0091,Auxin response factor 3,ARF3_2,,vv30003Auxin_signaling,vv60004ARF
635,VIT_02s0012g01350,19,0.0091,No hit,,,,
636,VIT_16s0013g00700,18,0.0088,Multidrug resistance-associated protein 3,MRP3,,vv52010ABC_transporters,
637,VIT_01s0010g02740,18,0.0088,4-coumarate-CoA ligase,E6_2_1_12,,vv10940Phenylpropanoid_biosynthesis,vv50104Group_translocators
638,VIT_08s0007g08840,18,0.0087,Glycosyl transferaseHGA1,,,,
639,VIT_18s0041g01480,18,0.0087,No hit,,,,
640,VIT_17s0000g01700,18,0.0087,Leucine-rich repeat transmembrane protein kinase,,,,
641,VIT_08s0032g00050,17,0.0083,Acyl-activating enzyme 15,E6_2_1_3_AAE15,,vv10071Fatty_acid_metabolism,vv50104Group_translocators
642,VIT_19s0014g05160,17,0.0083,RPS2 (resistant to p. syringae 2),K13459,,vv34626Plant-pathogen_interaction,
643,VIT_01s0137g00180,17,0.0082,B-keto acyl reductase,,,,
644,VIT_05s0020g01740,17,0.0082,RanGAP1 interacting protein,,,,
645,VIT_02s0025g02250,17,0.0082,Dof zinc finger protein DOF4.6,DOF4_6_2,,vv60015C2C2-DOF,
646,VIT_06s0004g01510,16,0.0078,Lipoxygenase (LOX2),E1_13_11_12,,vv10592alpha-Linolenic_acid_metabolism,
647,VIT_05s0062g00430,16,0.0077,UDP-glucose:flavonoid 7-O-glucosyltransferase,E2_4_1_237,,vv10941Flavonoid_biosynthesis,
648,VIT_08s0007g03680,16,0.0077,Unknown,,,,
649,VIT_03s0038g03520,15,0.0073,Auxin-induced SAUR,SAUR,,vv30003Auxin_signaling,
650,VIT_02s0012g01250,15,0.0073,Carnitine/acylcarnitine carrier  Mitochondrial,BOU,,vv50123Porters_cat_18_to_29,
651,VIT_01s0011g01760,15,0.0073,Lectin,,,,
652,VIT_05s0020g02900,15,0.0073,Substrate carrier  Mitochondrial,K03454,,vv44146Peroxisome,vv50123Porters_cat_18_to_29
653,VIT_14s0068g00150,15,0.0073,No hit,,,,
654,VIT_02s0025g00030,15,0.0072,Zinc finger (C3HC4-type ring finger),ZFC3HC4_125,,vv60078Other_zf-C3HC4,
655,VIT_03s0017g00690,15,0.0072,Unknown,,,,
656,VIT_15s0048g02000,15,0.0072,Homeodomain GLABROUS1,HDG1_1,VvHB53,vv60034HB,
657,VIT_02s0109g00380,15,0.0072,Stress response suppressor 1,STRS1,,vv23040Spliceosome,vv50133Primary_active_transporter_cat_A9_to_A18
658,VIT_08s0007g00890,15,0.0072,Tropinone reductase,E1_1_1_206,,vv10220Urea_cycle_and_metabolism_of_amino_groups,
659,VIT_15s0046g01790,14,0.0068,ARID/BRIGHT DNA-binding domain-containing protein / ELM2,ARID_4,,vv60005ARID,
660,VIT_03s0091g01090,14,0.0068,Unknown,,,,
661,VIT_11s0016g01220,14,0.0068,Auxin-binding protein ABP19a precursor,ABP19,,vv30003Auxin_signaling,
662,VIT_15s0024g01260,14,0.0067,DJ-1 protein / protease,,,,
663,VIT_08s0007g04950,13,0.0063,Xyloglucan endotransglucosylase/hydrolase 32,E2_4_1_207,,vv40006Cell_wall,
664,VIT_14s0006g02960,13,0.0063,KH domain containing protein,,,,
665,VIT_05s0062g00700,13,0.0063,UDP-glucose:flavonoid 7-O-glucosyltransferase,E2_4_1_237,,vv10941Flavonoid_biosynthesis,
666,VIT_04s0008g01850,13,0.0063,Trihelix DNA-binding protein (GT2),GT2_2,,vv60062Trihelix,
667,VIT_17s0000g10100,13,0.0063,Response regulator ARR11 Type-B,ARR11_1,,vv30007Cytokinin_signaling,vv60006ARR-B
668,VIT_05s0020g01960,13,0.0063,Na+/H+ antiporter isoform 2,NHX2,,vv50124Porters_cat_30_to_64,
669,VIT_14s0068g00920,13,0.0062,Chalcone synthase (CHS),E2_3_1_74,,vv10941Flavonoid_biosynthesis,
670,VIT_19s0027g00550,12,0.0058,BTB/POZ domain-containing protein,BTBDOM_10,,vv60093TRAF,
671,VIT_05s0049g01560,12,0.0058,Unknown protein,,,,
672,VIT_03s0110g00300,12,0.0058,Copper transporter 4,COPT4,,vv50101Channels_and_pores,
673,VIT_01s0137g00190,12,0.0058,CIP4 (COP1-interacting protein 4),CIP4,,vv24120Ubiquitin_mediated_proteolysis,
674,VIT_08s0007g03370,12,0.0058,Unknown protein,,,,
675,VIT_06s0080g00040,12,0.0058,ABC transporter G member 22,ABCG22,,vv52010ABC_transporters,
676,VIT_02s0025g00740,12,0.0058,Pinoresinol forming dirigent protein,DIRPR,,vv10940Phenylpropanoid_biosynthesis,
677,VIT_07s0141g00640,12,0.0058,ProT1 (PROLINE transporter 1),PROT1,,vv50123Porters_cat_18_to_29,
678,VIT_12s0059g01820,12,0.0058,Protein phosphatase 1D,K10147,,,
679,VIT_15s0046g01470,12,0.0058,Unknown protein,,,,
680,VIT_15s0021g02470,12,0.0058,Epoxide hydrolase-like protein,E3_3_2_10,,,
681,VIT_00s2582g00010,12,0.0058,Unknown,,,,
682,VIT_10s0003g05490,11,0.0054,Toprim domain-containing protein,,,,
683,VIT_10s0003g03620,11,0.0053,Lupeol synthase 2,E5_4_99_8,,vv10100Biosynthesis_of_steroids,
684,VIT_02s0025g02600,10,0.0048,Glyoxal oxidase,,,,
685,VIT_09s0002g07250,10,0.0048,No hit,,,,
686,VIT_05s0020g01110,10,0.0048,Pectinacetylesterase,PAE,,vv40006Cell_wall,
687,VIT_03s0063g02490,10,0.0048,Glucan endo-1 3-beta-glucosidase 7 precursor,E3_2_1_39,,vv10500Starch_and_sucrose_metabolism,
688,VIT_13s0019g05010,10,0.0048,Nodulin-like protein,,,,
689,VIT_17s0000g06880,10,0.0048,Heparanase protein 2 precursor,E3_2_1_31,,vv10040Pentose_glucuronate_interconversion,vv10500Starch_and_sucrose_metabolism
690,VIT_18s0041g00710,10,0.0048,UDP-glucose: anthocyanidin 5 3-O-glucosyltransferase,RHGT1,,vv10942Anthocyanin_biosynthesis,
691,VIT_03s0063g01720,10,0.0048,S-N-methylcoclaurine 3'-hydroxylase,E1_14_13_71,,vv10950Alkaloid_biosynthesis_I,
692,VIT_12s0059g00670,9,0.0044,NADP-dependent oxidoreductase,E1_6_5_5,,,
693,VIT_06s0004g06800,9,0.0044,PHD finger transcription factor,PHDFG_18,,vv60048PHD,
694,VIT_17s0000g00140,9,0.0044,TBP-binding protein,,,,
695,VIT_02s0241g00060,9,0.0044,Unknown protein,,,,
696,VIT_17s0000g00280,9,0.0044,Magnesium-protoporphyrin O-methyltransferase,E2_1_1_11,,vv10860Porphyrin_and_chlorophyll_metabolism,
697,VIT_19s0090g00750,9,0.0044,Dihydrolipoamide succinyltransferase,E2_3_1_61,,vv10020Citrate_cycle,
698,VIT_08s0040g01040,9,0.0044,Serine carboxypeptidase II,,,,
699,VIT_05s0020g03330,9,0.0044,Heat shock protein 70,K03283,,vv23040Spliceosome,vv24141Protein_processing_in_endoplasmic_reticulum
700,VIT_10s0116g00630,9,0.0043,Unknown protein,,,,
701,VIT_18s0001g05160,9,0.0043,Glycosyl hydrolase family 3 protein,,,,
702,VIT_07s0005g04110,9,0.0043,Cellulose synthase CESA4,E2_4_1_12_CESA4,,vv40006Cell_wall,
703,VIT_18s0001g11860,9,0.0043,Polygalacturonate 4-alpha-galacturonosyltransferase,E2_4_1_43,,vv40006Cell_wall,
704,VIT_16s0100g00190,9,0.0043,Pentatricopeptide (PPR) repeat-containing protein,,,,
705,VIT_04s0023g01720,8,0.0039,SEC14 cytosolic factor  putative,SEC14,,vv50122Porters_cat_7_to_17,
706,VIT_15s0021g00050,7,0.0034,Eceriferum 1 (CER1 protein) Sterol desaturase,,,,
707,VIT_07s0130g00040,7,0.0034,Myb domain protein 4,MYB4_10,MYB3,vv60044MYB,
708,VIT_07s0005g04670,7,0.0034,ABC transporter C member 9,K05033,,vv52010ABC_transporters,
709,VIT_12s0028g00320,7,0.0034,LHB1B1,K08912,,vv10196Photosynthesis_antenna_proteins,vv50105Transport_electron_carriers
710,VIT_14s0006g02550,7,0.0034,Non-specific lipid-transfer protein 2 (LTP 2),,,,
711,VIT_11s0016g01460,7,0.0034,BRXL4 (Brevis radix like 4),,,,
712,VIT_06s0061g00890,7,0.0034,Carboxypeptidase,E3_4_17_22,,,
713,VIT_09s0002g07140,7,0.0034,Unknown,,,,
714,VIT_19s0015g01210,7,0.0034,KH domain-containing protein,,,,
715,VIT_14s0030g00670,7,0.0034,Dehydroquinate dehydratase,E4_2_1_10,,vv10400Phenylalanine_tyrosine_and_tryptophan_biosynthesis,
716,VIT_03s0017g00830,7,0.0034,2OG-Fe(II) oxygenase,,,,
717,VIT_06s0004g00950,7,0.0034,HUB2 (histone mono-ubiquitination 2),HUB2,,vv60078Other_zf-C3HC4,
718,VIT_03s0063g01690,7,0.0034,flavonoid 3-monooxygenase,E1_14_13_21,,vv10941Flavonoid_biosynthesis,
719,VIT_13s0084g00800,7,0.0034,Transcription factor,TRIHELIXDOM_7,,vv60062Trihelix,
720,VIT_00s0238g00070,7,0.0034,TIR-NBS-LRR disease resistance,,,,
721,VIT_07s0005g04440,6,0.0029,NADH dehydrogenase (ubiquinone) 1 alpha subcomplex 9,K03953,,vv10190Oxidative_phosphorylation,vv50134Primary_active_transporter_cat_D1
722,VIT_13s0064g00270,6,0.0029,Cinnamyl alcohol dehydrogenase,E1_1_1_195,,vv10940Phenylpropanoid_biosynthesis,
723,VIT_01s0011g03210,6,0.0029,Aspartyl protease,E3_4_23_x,,,
724,VIT_14s0060g01290,6,0.0029,Calreticulin 2 (CRT2),K08057,,vv24141Protein_processing_in_endoplasmic_reticulum,vv44145Phagosome
725,VIT_07s0095g00520,6,0.0029,S-receptor kinase 1,,,,
726,VIT_08s0040g00520,6,0.0029,Leucine-rich repeat protein kinase,,,,
727,VIT_00s2887g00010,6,0.0029,Syntaxin 52,K08503,,vv24130SNARE_interactions_in_vesicular_transport,
728,VIT_05s0029g00450,6,0.0029,Pentatricopeptide (PPR) repeat-containing protein,,,,
729,VIT_01s0011g00790,6,0.0029,DnaJ homolog  subfamily C  member 2 gonidia forming protein GlsA,K09522_1,,vv50132Primary_active_transporter_cat_A5_to_A8,vv60045MYBrelated
730,VIT_18s0001g01130,6,0.0029,Alpha-expansin 1 precursor,EXPA1,,vv30003Auxin_signaling,
731,VIT_04s0043g00250,6,0.0029,Nonsense-mediated mRNA decay NMD3,K07562,,vv23008Ribosome_biogenesis_in_Eukaryotes,vv23013RNA_transport
732,VIT_08s0032g00530,6,0.0029,Rhomboid,,,,
733,VIT_05s0051g00330,6,0.0029,F-box domain containing protein,,,,
734,VIT_04s0023g03650,6,0.0029,Galactose mutarotase-like,E5_1_3_3,,vv10010Glycolysis,
735,VIT_11s0016g04970,6,0.0029,NADH-cytochrome b5 reductase,E1_6_2_2,,vv50135Primary_active_transporter_cat_D3_to_E2,
736,VIT_14s0036g00290,6,0.0029,R protein disease resistance protein,RPROT,,vv34627R_proteins_from_Plant-pathogen_interaction,
737,VIT_06s0004g05790,6,0.0029,Unknown protein,,,,
738,VIT_00s0218g00220,6,0.0029,UDP-glucoronosyl/UDP-glucosyl transferase,,,,
739,VIT_04s0043g00720,6,0.0029,Transketolase,E2_2_1_1,,vv10030Pentose_phosphate,vv10710Carbon_fixation
740,VIT_18s0001g15130,6,0.0029,WD40 repeat protein,,,,
741,VIT_05s0077g02300,6,0.0029,UDP-glucuronic acid decarboxylase 2,E4_1_1_35,,vv10500Starch_and_sucrose_metabolism,vv10520Nucleotide_sugars_metabolism
742,VIT_00s0413g00020,6,0.0029,TIR-NBS-LRR-TIR disease resistance protein,,,,
743,VIT_13s0064g01210,6,0.0029,Zf A20 and AN1 domain-containing stress-associated protein 2,SAP2_5,,vv60077Other_zf-AN1,
744,VIT_07s0031g00470,6,0.0029,DNA polymerase alpha,K02320,,vv23030DNA_replication,
745,VIT_17s0000g09820,6,0.0029,DNA polymerase III gamma and tau subunit,K02343,,vv23030DNA_replication,
746,VIT_06s0004g02690,6,0.0029,Glycosyl transferase family 2 protein,,,,
747,VIT_00s0593g00010,6,0.0029,Pentatricopeptide (PPR) repeat-containing protein,,,,
748,VIT_12s0142g00550,6,0.0029,R protein L6,K13477,,vv34627R_proteins_from_Plant-pathogen_interaction,
749,VIT_00s0225g00080,6,0.0029,MATE efflux family protein,MATE,,vv50125Porters_cat_66_to_94,
750,VIT_08s0007g01620,6,0.0029,Lectin,,,,
751,VIT_18s0086g00520,6,0.0029,No hit,,,,
752,VIT_19s0015g02680,6,0.0029,Glutathione S-transferase 25 GSTU25,E2_5_1_18_GSTU25,,vv10480Glutathione_metabolism,
753,VIT_18s0001g06220,6,0.0029,F-box protein (FBW2),,,,
754,VIT_12s0059g02420,6,0.0029,Peroxidase ATP11A (gb|X98802).,E1_11_1_7,,vv10360Phenylalanine_metabolism,vv10680Methane_metabolism
755,VIT_04s0008g02140,6,0.0029,EMB2261 (embryo defective 2261),,,,
756,VIT_05s0051g00050,6,0.0029,Myosin-like protein XIB,MYOSINXIB,,vv44810Regulation_of_actin_cytoskeleton,
757,VIT_13s0019g00560,4,0.0020,Chaperonin GroEL,K04077,,vv23018RNA_degradation,
758,VIT_12s0057g01450,4,0.0019,Subtilisin protease,,,,
759,VIT_01s0010g01160,4,0.0019,Zinc finger (DHHC type),ZFDHHC_4,,vv60079Other_zf-DHHC,
760,VIT_02s0033g00660<br>VIT_02s0033g00850<br>VIT_02s0033g00870<br>VIT_02s0033g00800,4,0.0019,
761,VIT_18s0001g09180,4,0.0019,CUE domain containing protein,,,,
762,VIT_18s0001g05480,4,0.0019,Unknown protein,,,,
763,VIT_09s0002g04220,4,0.0019,Ras-related protein Rab-7A,K07897,,vv44145Phagosome,
764,VIT_01s0026g02650,4,0.0019,KH domain-containing protein,,,,
765,VIT_07s0031g01450,4,0.0019,Transcription termination factor mitochondrial mTERF,MTERF_18,,vv60085MTERF,
766,VIT_08s0007g00710,4,0.0019,Unknown,,,,
767,VIT_08s0040g00040,4,0.0019,Ubiquitin-conjugating enzyme E2 D/E,K06689,,vv24120Ubiquitin_mediated_proteolysis,vv24141Protein_processing_in_endoplasmic_reticulum
768,VIT_01s0127g00710,3,0.0015,Mov34 STAM-binding protein,K11866,,vv50111Tethering_factors,
769,VIT_11s0016g04270,3,0.0015,Hydrolase  alpha/beta fold,,,,
770,VIT_18s0001g10050,3,0.0015,LRX1 (leucine-rich repeat/extensin 1),EXTENSIN,,vv40006Cell_wall,
771,VIT_08s0007g01110,3,0.0015,No hit,,,,
772,VIT_06s0080g00050,3,0.0015,ABC transporter G member 22,ABCG22,,vv52010ABC_transporters,
773,VIT_11s0016g04330,3,0.0015,Unknown,,,,
774,VIT_18s0001g09870,3,0.0015,Carbohydrate esterase,,,,
775,VIT_19s0014g05070,3,0.0015,Kinesin family member C1,K10405,,vv44810Regulation_of_actin_cytoskeleton,
776,VIT_15s0048g01210,3,0.0015,Subtilisin serine endopeptidase (XSP1),XSP1,,vv50101Channels_and_pores,
777,VIT_10s0116g01030,3,0.0015,Stigma-specific Stig1,,,,
778,VIT_16s0050g00100,3,0.0015,Myosin-related,MYOSINR,,vv44810Regulation_of_actin_cytoskeleton,
779,VIT_05s0102g00310,3,0.0015,GUN4,,,,
780,VIT_08s0056g01130,3,0.0015,Mini zinc finger 2 MIF2,MIF2_2,,vv60068Zf-HD,
781,VIT_05s0049g01740,3,0.0015,Actin related protein 2/3 complex  subunit 2,K05758,,vv44810Regulation_of_actin_cytoskeleton,
782,VIT_18s0001g06690,3,0.0015,Gibberellin 20 oxidase 2,E1_14_11_12,,vv10904Diterpenoid_biosynthesis,
783,VIT_18s0041g00270,3,0.0015,R protein  PRF  disease resistance protein,K13453,,vv34627R_proteins_from_Plant-pathogen_interaction,
784,VIT_13s0067g01350,3,0.0015,Basic helix-loop-helix (bHLH) family,BHLHDOM_16,,vv60011BHLH,
785,VIT_07s0005g05260<br>VIT_07s0005g05230,3,0.0015,
786,VIT_12s0059g00110<br>VIT_12s0059g00080<br>VIT_12s0059g00100,3,0.0015,
787,VIT_01s0011g04010,3,0.0015,Catalytic,,,,
788,VIT_14s0066g01380,3,0.0015,Calcium homeostasis regulator CHoR1,CHOR1,,,
789,VIT_04s0023g01550,3,0.0015,Unknown,,,,
790,VIT_10s0003g02960,3,0.0015,Glycosyl hydrolase family 17 protein,,,,
791,VIT_08s0007g05720,3,0.0015,No hit,,,,
792,VIT_05s0077g01390,3,0.0015,Zinc finger (C2H2 type) protein (ZFP6),ZFP6_3,,vv60017C2H2,
793,VIT_16s0050g02460,3,0.0015,Beta-1 3-galactosyltransferase sqv-2,K07820,,vv10602Glycosphingolipid_biosynthesis,
794,VIT_00s0409g00050,3,0.0015,Receptor-like serine-threonine protein kinase,,,,
795,VIT_14s0060g01300,3,0.0015,Universal stress protein (USP) family protein,,,,
796,VIT_01s0011g00290,3,0.0015,Unknown protein,,,,
797,VIT_15s0021g00530,3,0.0015,Unknown protein,,,,
798,VIT_13s0019g02460,3,0.0015,Proton-dependent oligopeptide transport (POT) family protein,POT,VvHB45,vv50122Porters_cat_7_to_17,
799,VIT_14s0083g00840,3,0.0015,Lipase GDSL 7,,,,
800,VIT_05s0049g01820,3,0.0015,Unknown protein,,,,
801,VIT_06s0004g06890,3,0.0015,Potassium transporter (KUP1),KUP1,,vv50125Porters_cat_66_to_94,
802,VIT_07s0005g03310,3,0.0015,Cofilin,K05765,,vv44810Regulation_of_actin_cytoskeleton,
803,VIT_14s0066g01050,3,0.0015,Glycogen synthase kinase 3 beta,K03083,,vv44110Cell_cycle,
804,VIT_19s0014g00160,3,0.0015,LHCII type I CAB-1,K08912,,vv10196Photosynthesis_antenna_proteins,vv50105Transport_electron_carriers
805,VIT_19s0015g02530,3,0.0015,No hit,,,,
806,VIT_18s0075g00800,3,0.0015,TIR-NBS disease resistance,,,,
807,VIT_01s0137g00790,3,0.0014,No hit,,,,
808,VIT_16s0098g01870,3,0.0014,SOS3 (salt overly sensitive 3),E3_1_3_16,,,
809,VIT_02s0025g04120,3,0.0014,Calmodulin binding protein,,,,
810,VIT_06s0004g03140,3,0.0014,Isovaleryl-CoA-dehydrogenase (IVD),E1_3_99_10,,vv10280Valine_leucine_and_isoleucine_degradation,
811,VIT_13s0019g03390,3,0.0014,Unknown protein,,,,
812,VIT_06s0004g03210,3,0.0014,Unknown,,,,
813,VIT_15s0048g02080,3,0.0014,Signal recognition particle receptor protein  chloroplast (FTSY),K03110,,vv23060Protein_export,vv50113Thylakoid_targeting_pathway
814,VIT_18s0041g00840,3,0.0014,UDP-glucose: anthocyanidin 5 3-O-glucosyltransferase,E2_4_1_238,,vv10941Flavonoid_biosynthesis,vv10942Anthocyanin_biosynthesis
815,VIT_15s0021g02110,3,0.0014,AP2 domain-containing transcription factor TINY,TINY_8,VvERF029,vv30008Ethylene_signaling,vv60003AP2_EREBP
816,VIT_16s0022g01210,3,0.0014,Myb domain protein 85,MYB85_2,MYB191,vv60044MYB,
817,VIT_04s0023g01120,3,0.0014,Galacturonosyltransferase,E2_4_1_43,,vv40006Cell_wall,
818,VIT_15s0046g00310,3,0.0014,Transcription factor TINY,ERF023,VvERF015,vv30008Ethylene_signaling,vv60003AP2_EREBP
819,VIT_01s0011g00720,3,0.0014,WRKY DNA-binding protein 57,WRKY57,VvWRKY01,vv60066WRKY,
820,VIT_19s0014g01470,3,0.0014,Thioredoxin TTL1 (Tetratricopetide-repeat thioredoxin-like 1),TTL1,,vv50132Primary_active_transporter_cat_A5_to_A8,
821,VIT_02s0025g01980<br>VIT_02s0025g01910,3,0.0014,
822,VIT_10s0071g01150,3,0.0014,Katanin p80 (WD repeat containing) subunit B 1,KATANINP80B1,,vv44810Regulation_of_actin_cytoskeleton,
823,VIT_15s0046g00380,3,0.0014,Seven in absentia (SINA) family protein,K04506,,vv24120Ubiquitin_mediated_proteolysis,
824,VIT_17s0000g01450,3,0.0014,Exocyst subunit EXO70 F1,EXO70F1,,vv50111Tethering_factors,
825,VIT_15s0048g00940,3,0.0014,ATP-dependent DNA helicase 2 subunit 2,K10885,,vv23450Non_homologous_end_joining,
826,VIT_08s0007g06400,3,0.0014,KH domain and CCCH containing protein,KHCCCFAM_1,,vv60018C3H,
827,VIT_08s0040g02610,3,0.0014,Unknown,,,,
828,VIT_13s0019g02150,3,0.0014,Laccase,E1_10_3_2,,vv11000Single_reactions,vv50109Incompletely_characterized_transport_systems
829,VIT_18s0001g13150,3,0.0014,BEL1 homeotic protein 3,BLH3,VvHB68,vv60034HB,
830,VIT_00s0386g00050,3,0.0014,Xyloglucan endotransglucosylase/hydrolase precursor,E2_4_1_207,,vv40006Cell_wall,
831,VIT_19s0090g00660,3,0.0014,Lipase GDSL,,,,
832,VIT_07s0031g00520,3,0.0014,Unknown protein,,,,
833,VIT_15s0024g00780,3,0.0014,No hit,,,,
834,VIT_04s0008g02180,3,0.0014,BRCT domain-containing protein,,,,
